algorithm,n_samples,n_features,k,build_s,itopk_size,recall_at_k,mean_distance_ratio,validation_queries,validation_search_s,all_points_search_s,all_points_per_second,peak_gpu_memory_mib,peak_gpu_utilization_percent
cuVS CAGRA,10000,768,10,1.2409075559698977,32,0.8153,1.0019251108169556,1000,2.4168340750038624,0.01262647204566747,791986.8640925165,1291.0,0.0
cuVS CAGRA,10000,768,10,1.2409075559698977,64,0.8914,1.0010160207748413,1000,0.0028380780131556094,0.02290233800886199,436636.64365317335,1291.0,0.0
cuVS CAGRA,10000,768,10,1.2409075559698977,128,0.9569,1.000352382659912,1000,0.005217143043410033,0.04529834300046787,220758.62686404918,1291.0,0.0
cuVS CAGRA,50000,768,10,0.5310967389959842,32,0.3537,1.0138416290283203,1000,0.002016725018620491,0.06782074604416266,737237.5403750591,1649.0,100.0
cuVS CAGRA,50000,768,10,0.5310967389959842,64,0.4635,1.009495735168457,1000,0.003290042979642749,0.1357607450336218,368294.9735405272,1649.0,100.0
cuVS CAGRA,50000,768,10,0.5310967389959842,128,0.5963,1.0060621500015259,1000,0.00642853497993201,0.28153233195189387,177599.4950680962,1649.0,100.0
cuVS CAGRA,100000,768,10,0.6718020659754984,32,0.1915,1.0225160121917725,1000,0.0027290150173939764,0.21957998897414654,455414.9058262957,1763.0,100.0
cuVS CAGRA,100000,768,10,0.6718020659754984,64,0.2854,1.015618085861206,1000,0.00508899096166715,0.4648567370022647,215120.04030504738,1763.0,100.0
cuVS CAGRA,100000,768,10,0.6718020659754984,128,0.4022,1.0107592344284058,1000,0.00967311201384291,0.8990909719723277,111223.4502595782,1763.0,100.0
