sample_id,k,n_neighbours,first_neighbour,last_neighbour,neigh_sha16,source
0,2048,2048,12794,5726,7aef06a7e8570600,shared_vit_base_kmax2048
1,2048,2048,6115,4742,daf20c0eba0b69a2,shared_vit_base_kmax2048
8,2048,2048,15704,1067,7690cfe95bf8f508,shared_vit_base_kmax2048
11,2048,2048,9025,6407,dcccbb59e83de7d5,shared_vit_base_kmax2048
16,2048,2048,2280,15705,7d7dbd93b98ecb42,shared_vit_base_kmax2048
18,2048,2048,5623,15910,7ab66183077adae4,shared_vit_base_kmax2048
19,2048,2048,8048,9110,6e334e6fae8faff0,shared_vit_base_kmax2048
22,2048,2048,7806,8075,1aed8086ea0b7be2,shared_vit_base_kmax2048
25,2048,2048,8782,1275,9619ddd56b8e9dec,shared_vit_base_kmax2048
26,2048,2048,2857,4643,eddfc262b7046608,shared_vit_base_kmax2048
28,2048,2048,12398,9469,c8974e0bb3b9bed5,shared_vit_base_kmax2048
30,2048,2048,2035,5976,4f36ca32179f3896,shared_vit_base_kmax2048
32,2048,2048,13609,9635,7191df1cdfe2b9c6,shared_vit_base_kmax2048
38,2048,2048,733,9252,f19d72a92d7f5106,shared_vit_base_kmax2048
42,2048,2048,1194,14347,1c1e68eead8634e2,shared_vit_base_kmax2048
46,2048,2048,9198,14502,01caa3942180db95,shared_vit_base_kmax2048
48,2048,2048,8966,2446,d5bc55ee59260e8f,shared_vit_base_kmax2048
55,2048,2048,6889,8655,f9dafec8efeb125e,shared_vit_base_kmax2048
58,2048,2048,14559,9508,64e227dced73f10d,shared_vit_base_kmax2048
74,2048,2048,2151,2418,3829cfa81d15500a,shared_vit_base_kmax2048
85,2048,2048,8992,9447,2ca643abb57e754b,shared_vit_base_kmax2048
90,2048,2048,11799,1931,aab87948d1a51dc7,shared_vit_base_kmax2048
108,2048,2048,6442,12591,4a1794b3d6d253e1,shared_vit_base_kmax2048
109,2048,2048,513,15186,7c7b66238224dc56,shared_vit_base_kmax2048
111,2048,2048,6643,13112,19ad1ddb3d03df9b,shared_vit_base_kmax2048
114,2048,2048,225,14495,9dc964150e31de1a,shared_vit_base_kmax2048
117,2048,2048,11273,1834,394ba60bda908732,shared_vit_base_kmax2048
119,2048,2048,3809,12907,b48fac50c1d2a78a,shared_vit_base_kmax2048
120,2048,2048,4971,3552,ddd8e8be1fcb7bfb,shared_vit_base_kmax2048
133,2048,2048,2248,4296,9f7e80063a39f4e5,shared_vit_base_kmax2048
136,2048,2048,13810,10393,756d218f6ef5546c,shared_vit_base_kmax2048
146,2048,2048,13948,5947,fa0b6d01b07cb9a2,shared_vit_base_kmax2048
149,2048,2048,5402,11544,15916840ee58a10b,shared_vit_base_kmax2048
160,2048,2048,6078,14496,c618dcfba410e630,shared_vit_base_kmax2048
161,2048,2048,5993,8827,5c9847191360ed1d,shared_vit_base_kmax2048
163,2048,2048,519,15363,6820a5fe4f3e1d06,shared_vit_base_kmax2048
166,2048,2048,1835,8027,7cf89908d09b2b7a,shared_vit_base_kmax2048
168,2048,2048,5773,8656,685d9bbb94947713,shared_vit_base_kmax2048
170,2048,2048,5975,4240,d27a17f6a242d5e8,shared_vit_base_kmax2048
189,2048,2048,5330,1507,646a64b6865ac7cc,shared_vit_base_kmax2048
193,2048,2048,4930,14055,f7d482ba837d7acd,shared_vit_base_kmax2048
197,2048,2048,5484,9939,56a0e935df44e0be,shared_vit_base_kmax2048
204,2048,2048,7761,7503,53d6d1925c8841d5,shared_vit_base_kmax2048
207,2048,2048,16226,3925,a4ed39335827daa0,shared_vit_base_kmax2048
208,2048,2048,8713,8651,b50decc4a20b1376,shared_vit_base_kmax2048
209,2048,2048,11064,1448,1808326234c08c58,shared_vit_base_kmax2048
213,2048,2048,6340,13589,f80e16de593fac08,shared_vit_base_kmax2048
227,2048,2048,15522,10883,ca5d50be259c4a3e,shared_vit_base_kmax2048
234,2048,2048,373,1275,ad5ef2cb688801bc,shared_vit_base_kmax2048
236,2048,2048,1394,13624,0573b7c0d9cb6a28,shared_vit_base_kmax2048
240,2048,2048,9134,8852,ecc26cf8a920b9a1,shared_vit_base_kmax2048
241,2048,2048,15873,6602,2487ce8bafc3d831,shared_vit_base_kmax2048
242,2048,2048,12929,12127,de7f9c35a6a2565b,shared_vit_base_kmax2048
248,2048,2048,5790,4469,ce16ee28e72a4014,shared_vit_base_kmax2048
255,2048,2048,8372,14028,4a681d205ae74b2e,shared_vit_base_kmax2048
263,2048,2048,13092,13367,21a1d06c13e8524a,shared_vit_base_kmax2048
264,2048,2048,15221,8590,a3120c575ed33f3f,shared_vit_base_kmax2048
267,2048,2048,579,11464,f6e13ae5420e3f44,shared_vit_base_kmax2048
281,2048,2048,5457,11088,258163e5697a2ed2,shared_vit_base_kmax2048
291,2048,2048,9278,16108,0817b558ef080c34,shared_vit_base_kmax2048
292,2048,2048,7758,14360,7fa6a18255dfde0f,shared_vit_base_kmax2048
296,2048,2048,5243,14976,2e1e086cf438e98d,shared_vit_base_kmax2048
297,2048,2048,14991,5527,a936051204695517,shared_vit_base_kmax2048
298,2048,2048,12543,16239,f3ad800c35081431,shared_vit_base_kmax2048
303,2048,2048,15926,16029,2eb3f1e8fbb4515b,shared_vit_base_kmax2048
304,2048,2048,16112,8280,9211a3f221738397,shared_vit_base_kmax2048
311,2048,2048,9714,13457,a1ffb3dd74e801ba,shared_vit_base_kmax2048
313,2048,2048,13024,4320,68db00aa66eb9894,shared_vit_base_kmax2048
317,2048,2048,3639,4099,c0d1b23a0fa2738c,shared_vit_base_kmax2048
323,2048,2048,4713,5637,f16d4c234e78ab49,shared_vit_base_kmax2048
327,2048,2048,11466,870,4cd0ae7e404e95cf,shared_vit_base_kmax2048
336,2048,2048,3083,1252,3ff5e63452a70b19,shared_vit_base_kmax2048
341,2048,2048,12213,7526,7378e2669768855e,shared_vit_base_kmax2048
349,2048,2048,12982,15407,0371b6a510708cbd,shared_vit_base_kmax2048
350,2048,2048,12037,15931,1f014208ea55df89,shared_vit_base_kmax2048
359,2048,2048,11684,11215,422d4af63bda5863,shared_vit_base_kmax2048
360,2048,2048,14210,12769,b8c00120746c93e0,shared_vit_base_kmax2048
362,2048,2048,6143,10686,df5f0f63582e6a81,shared_vit_base_kmax2048
369,2048,2048,774,3390,c24ed7ef2237455d,shared_vit_base_kmax2048
375,2048,2048,2143,1569,7544c05956fff2c1,shared_vit_base_kmax2048
386,2048,2048,1015,8917,048fcc6ffca22b9d,shared_vit_base_kmax2048
393,2048,2048,370,8036,a31d2bf26d1e60c3,shared_vit_base_kmax2048
394,2048,2048,10032,10524,fb4fdb6a4017e9dd,shared_vit_base_kmax2048
397,2048,2048,8593,12495,a51a8cd99cbeb571,shared_vit_base_kmax2048
398,2048,2048,5235,1775,b01b5c68efd0369a,shared_vit_base_kmax2048
403,2048,2048,10851,1672,511562810b3d9373,shared_vit_base_kmax2048
404,2048,2048,13185,2726,4a450c0595ef1820,shared_vit_base_kmax2048
406,2048,2048,7583,10055,27e00193e30a56d9,shared_vit_base_kmax2048
408,2048,2048,7155,10462,9630178e65367575,shared_vit_base_kmax2048
419,2048,2048,1218,9080,3ba1d8c99f8e3765,shared_vit_base_kmax2048
435,2048,2048,7931,15450,315b8aeed1f6846c,shared_vit_base_kmax2048
444,2048,2048,1781,12539,80ce74fa6939643a,shared_vit_base_kmax2048
445,2048,2048,6797,9638,5497c0f60f68fa57,shared_vit_base_kmax2048
460,2048,2048,13485,11404,86caee3290a94968,shared_vit_base_kmax2048
462,2048,2048,10931,8357,c24f3bec4f921ab4,shared_vit_base_kmax2048
471,2048,2048,2995,7621,24192b72f41889a1,shared_vit_base_kmax2048
489,2048,2048,13855,4872,d53cdf4382358f84,shared_vit_base_kmax2048
490,2048,2048,5341,94,fbdf56c377c25dfb,shared_vit_base_kmax2048
498,2048,2048,16112,31,0e155221e3f8114c,shared_vit_base_kmax2048
510,2048,2048,12288,1845,fa7387e40d40e21c,shared_vit_base_kmax2048
512,2048,2048,11869,10081,4ca706ef84d9ea6b,shared_vit_base_kmax2048
516,2048,2048,3261,9228,ec27bcae080aaf33,shared_vit_base_kmax2048
526,2048,2048,7727,14547,2bdc4551d891d391,shared_vit_base_kmax2048
533,2048,2048,4884,1,c2eee69d6248bc7b,shared_vit_base_kmax2048
539,2048,2048,1613,15294,20814630f3f8d2a4,shared_vit_base_kmax2048
545,2048,2048,6023,3938,fe1457211a02e9c1,shared_vit_base_kmax2048
547,2048,2048,14162,2075,96fc4c74206da6c6,shared_vit_base_kmax2048
551,2048,2048,10010,2709,7d72b1b837a32032,shared_vit_base_kmax2048
554,2048,2048,11074,2948,e427a8e0174e6459,shared_vit_base_kmax2048
555,2048,2048,5132,7363,8448bdc11bf3d710,shared_vit_base_kmax2048
559,2048,2048,5021,1476,9b1bceaf1a11217a,shared_vit_base_kmax2048
562,2048,2048,3591,5610,a8d2a5fd40265ecc,shared_vit_base_kmax2048
566,2048,2048,9999,3500,91903a5acd9ce5ab,shared_vit_base_kmax2048
567,2048,2048,2792,15264,001958ee9d255178,shared_vit_base_kmax2048
585,2048,2048,14735,12882,5a1cf8895384cdfe,shared_vit_base_kmax2048
586,2048,2048,15195,16179,1f67190d400e9b4a,shared_vit_base_kmax2048
606,2048,2048,12297,763,2f89758871317c17,shared_vit_base_kmax2048
607,2048,2048,4438,4591,e4df3277a43f36a1,shared_vit_base_kmax2048
627,2048,2048,11042,4307,064239e575adb211,shared_vit_base_kmax2048
634,2048,2048,13920,11631,bae8699bbcec0134,shared_vit_base_kmax2048
637,2048,2048,8950,10959,d72eb527e85fa467,shared_vit_base_kmax2048
641,2048,2048,10795,3507,88f2cf1f508a91c9,shared_vit_base_kmax2048
656,2048,2048,10441,12850,b25e838e9feec969,shared_vit_base_kmax2048
662,2048,2048,11194,5579,9fa34ceda2ddb456,shared_vit_base_kmax2048
666,2048,2048,1283,14938,6e8151b183f72e6d,shared_vit_base_kmax2048
670,2048,2048,3644,7427,00bf7b081b4af6bf,shared_vit_base_kmax2048
672,2048,2048,12648,11561,65beccc6aa667ec7,shared_vit_base_kmax2048
680,2048,2048,1724,10748,71a3afd63c43c648,shared_vit_base_kmax2048
683,2048,2048,14169,15776,2795eebe85611b4e,shared_vit_base_kmax2048
690,2048,2048,15602,14857,3679c42c06692d97,shared_vit_base_kmax2048
692,2048,2048,15180,1436,1adfd598dec71dba,shared_vit_base_kmax2048
695,2048,2048,5742,10847,df8d783173b7c17a,shared_vit_base_kmax2048
696,2048,2048,13920,14627,26634266f2ba08bb,shared_vit_base_kmax2048
698,2048,2048,9113,11016,3c8291ba8d942134,shared_vit_base_kmax2048
701,2048,2048,15069,8985,4b1f7e265c905e52,shared_vit_base_kmax2048
707,2048,2048,4283,9870,807f5084a5a80642,shared_vit_base_kmax2048
708,2048,2048,29,10299,07cfd6605c765aa0,shared_vit_base_kmax2048
715,2048,2048,12571,9504,a7a101bfa7b211b6,shared_vit_base_kmax2048
717,2048,2048,13636,12939,2378f71b46a3f367,shared_vit_base_kmax2048
734,2048,2048,936,5855,ad783b6a8ebe7b2c,shared_vit_base_kmax2048
737,2048,2048,6438,5985,00cfe15a65cdf2b0,shared_vit_base_kmax2048
740,2048,2048,8385,9814,cd1cca5e4acc652b,shared_vit_base_kmax2048
758,2048,2048,2327,1238,2634d12389a0208c,shared_vit_base_kmax2048
760,2048,2048,12009,15831,98d21fe02d053056,shared_vit_base_kmax2048
762,2048,2048,7929,3998,420f0a9e6203a405,shared_vit_base_kmax2048
766,2048,2048,14123,1728,8665da2b26463add,shared_vit_base_kmax2048
774,2048,2048,2005,10045,370f5d4eb7bc1a46,shared_vit_base_kmax2048
778,2048,2048,11613,9031,60fce24e01c0c1f8,shared_vit_base_kmax2048
782,2048,2048,731,6257,c18a8b492b2b757a,shared_vit_base_kmax2048
788,2048,2048,4629,15858,146ae4e931dd3740,shared_vit_base_kmax2048
789,2048,2048,13776,15203,11b5b1876dbcaa43,shared_vit_base_kmax2048
799,2048,2048,11975,15681,7febd8fb3113f0db,shared_vit_base_kmax2048
806,2048,2048,10670,3466,da725d1f561209de,shared_vit_base_kmax2048
807,2048,2048,2827,7798,e2a22e7b02fb4b28,shared_vit_base_kmax2048
811,2048,2048,10052,13622,36de086643b13c64,shared_vit_base_kmax2048
812,2048,2048,2363,4498,7be673535626bf9f,shared_vit_base_kmax2048
817,2048,2048,931,1293,73b385cddb835c41,shared_vit_base_kmax2048
821,2048,2048,3977,9693,b115d4e7a4ab352f,shared_vit_base_kmax2048
824,2048,2048,11651,14568,0cb54055719ac3b9,shared_vit_base_kmax2048
825,2048,2048,14684,3501,f65aa96923020014,shared_vit_base_kmax2048
826,2048,2048,9601,13531,0c403ee63123a84e,shared_vit_base_kmax2048
827,2048,2048,2604,5005,cc3db0bae1e5311c,shared_vit_base_kmax2048
830,2048,2048,278,7452,f070046d1b6bc8d7,shared_vit_base_kmax2048
838,2048,2048,11397,5576,242ccb0c3ee76e56,shared_vit_base_kmax2048
842,2048,2048,12299,11250,c5e6a6ae5d9f74d3,shared_vit_base_kmax2048
848,2048,2048,3370,9706,7dca12c892257500,shared_vit_base_kmax2048
850,2048,2048,15057,9694,70bd0b4cf35ff1cf,shared_vit_base_kmax2048
857,2048,2048,666,11672,967127647a02d0db,shared_vit_base_kmax2048
871,2048,2048,207,388,6fc89e34246d0c9f,shared_vit_base_kmax2048
888,2048,2048,2597,12095,14b93dc07ca02412,shared_vit_base_kmax2048
897,2048,2048,12254,6426,afc1c74a19518095,shared_vit_base_kmax2048
898,2048,2048,16037,2690,6843331519297492,shared_vit_base_kmax2048
918,2048,2048,12291,1083,2bf9d00ed7d29532,shared_vit_base_kmax2048
922,2048,2048,15158,13486,9928cc02dc861ede,shared_vit_base_kmax2048
923,2048,2048,15347,15282,ca79486efb24ba36,shared_vit_base_kmax2048
924,2048,2048,6290,9411,a6a92818264ad6b2,shared_vit_base_kmax2048
925,2048,2048,3726,7036,399a7edcbc7bed8f,shared_vit_base_kmax2048
930,2048,2048,1249,13823,0f8eea0c01814444,shared_vit_base_kmax2048
932,2048,2048,11748,94,81ab662d1645b4b3,shared_vit_base_kmax2048
935,2048,2048,2852,2490,5f209e682a52506e,shared_vit_base_kmax2048
942,2048,2048,14361,14481,9a277bbf8776cec7,shared_vit_base_kmax2048
953,2048,2048,5328,10256,c1b336c3740f6995,shared_vit_base_kmax2048
963,2048,2048,8354,10716,d5cf1f18d63bc451,shared_vit_base_kmax2048
978,2048,2048,8467,10775,8ade0dc57105b2c3,shared_vit_base_kmax2048
980,2048,2048,10851,7822,e7f81b43924c1603,shared_vit_base_kmax2048
984,2048,2048,1204,8101,7519ea2ff4534e3a,shared_vit_base_kmax2048
986,2048,2048,14731,12085,0ddb123f99619c14,shared_vit_base_kmax2048
992,2048,2048,3022,7327,24cb21efdb2d4ce6,shared_vit_base_kmax2048
1004,2048,2048,12853,3128,a48085aade8441ef,shared_vit_base_kmax2048
1005,2048,2048,9366,7944,e5e18f2ff4bd3fa8,shared_vit_base_kmax2048
1007,2048,2048,624,7118,678e77273ea776eb,shared_vit_base_kmax2048
1011,2048,2048,9777,15885,65bb987e0ddc8d4f,shared_vit_base_kmax2048
1014,2048,2048,7789,14437,d441353d31964bde,shared_vit_base_kmax2048
1015,2048,2048,14850,10899,6447138ac7d932a2,shared_vit_base_kmax2048
1021,2048,2048,13965,687,67d8002637f9a6d2,shared_vit_base_kmax2048
1034,2048,2048,13613,3315,6ac3c3231dc357e6,shared_vit_base_kmax2048
1037,2048,2048,16087,4776,a9542dc47862a03d,shared_vit_base_kmax2048
1042,2048,2048,6738,11078,64516f310bd63e5d,shared_vit_base_kmax2048
1043,2048,2048,13832,12745,440821d8f31c2481,shared_vit_base_kmax2048
1046,2048,2048,15497,12903,64b0242fd085b007,shared_vit_base_kmax2048
1048,2048,2048,12236,8707,acd547e24260e317,shared_vit_base_kmax2048
1054,2048,2048,12590,7193,35a925b1c913de20,shared_vit_base_kmax2048
1055,2048,2048,5546,5458,61cf2ae1f1b96c60,shared_vit_base_kmax2048
1056,2048,2048,13163,2111,4f1debbbfd58320d,shared_vit_base_kmax2048
1060,2048,2048,14910,6268,25a734b8d2d0c4be,shared_vit_base_kmax2048
1069,2048,2048,11320,12738,eacd33c5a656f0b2,shared_vit_base_kmax2048
1083,2048,2048,6862,8114,1eab0590d3e68033,shared_vit_base_kmax2048
1090,2048,2048,2464,13545,a47cf703c6fef0af,shared_vit_base_kmax2048
1094,2048,2048,7974,3832,69d47e86a54eea47,shared_vit_base_kmax2048
1098,2048,2048,8763,1214,97de924f5697f0ba,shared_vit_base_kmax2048
1106,2048,2048,12396,6572,9a77d44d7bbec977,shared_vit_base_kmax2048
1108,2048,2048,3520,7480,39ceccbaa9cd419a,shared_vit_base_kmax2048
1109,2048,2048,2332,11560,151dff41d03d9d54,shared_vit_base_kmax2048
1111,2048,2048,1673,15549,10505b8ed6515fec,shared_vit_base_kmax2048
1112,2048,2048,7963,6474,8cb3ec7ea54c5bc2,shared_vit_base_kmax2048
1124,2048,2048,7344,7961,ae0dcb5525c7e43e,shared_vit_base_kmax2048
1128,2048,2048,4721,1487,f22be6b3423a75d6,shared_vit_base_kmax2048
1130,2048,2048,5570,159,49994ee2846dfb56,shared_vit_base_kmax2048
1131,2048,2048,2089,11615,d5b48283dec79aff,shared_vit_base_kmax2048
1132,2048,2048,11362,1931,e807072676f14ba8,shared_vit_base_kmax2048
1133,2048,2048,5649,14684,2079d3d4ac804d98,shared_vit_base_kmax2048
1138,2048,2048,5497,11210,743a5c81f575e602,shared_vit_base_kmax2048
1141,2048,2048,10270,2393,f78088208db4b4d6,shared_vit_base_kmax2048
1144,2048,2048,9387,151,dda8464c8ede1557,shared_vit_base_kmax2048
1152,2048,2048,15365,12136,cc82f4ac58d0c091,shared_vit_base_kmax2048
1167,2048,2048,25,5976,2bedfc6d7628fb46,shared_vit_base_kmax2048
1172,2048,2048,3591,11384,446e3a35a536707d,shared_vit_base_kmax2048
1173,2048,2048,12672,8773,5ab341cdafba4d73,shared_vit_base_kmax2048
1174,2048,2048,14826,483,cebfbe4f76ad58da,shared_vit_base_kmax2048
1180,2048,2048,12511,14297,21995fe33a4b64a4,shared_vit_base_kmax2048
1181,2048,2048,1462,4658,020a26e9dcd7c1c9,shared_vit_base_kmax2048
1183,2048,2048,869,1351,b5ec00aa33f2f878,shared_vit_base_kmax2048
1185,2048,2048,10337,9352,deaa811dd2e252d3,shared_vit_base_kmax2048
1193,2048,2048,14788,3721,e1b293e6a05d1277,shared_vit_base_kmax2048
1200,2048,2048,8048,5077,5d98ef25749a490d,shared_vit_base_kmax2048
1205,2048,2048,2304,10041,0de99fa6dfcc9e04,shared_vit_base_kmax2048
1206,2048,2048,6312,14599,3ebd741ae1f5ced4,shared_vit_base_kmax2048
1208,2048,2048,13075,3716,d0e71f0fe7050f42,shared_vit_base_kmax2048
1215,2048,2048,2485,11663,a68837d86312aa9c,shared_vit_base_kmax2048
1220,2048,2048,5260,14076,07cd3e014d92a9cb,shared_vit_base_kmax2048
1225,2048,2048,7374,6410,750dcbcc14c7623f,shared_vit_base_kmax2048
1235,2048,2048,7722,13350,37d409811e91eccc,shared_vit_base_kmax2048
1237,2048,2048,16222,11463,57568f9889eb2f88,shared_vit_base_kmax2048
1243,2048,2048,1999,4240,c80d62ce19520f4a,shared_vit_base_kmax2048
1246,2048,2048,9366,6678,199304c639e7eef6,shared_vit_base_kmax2048
1248,2048,2048,12780,14819,d99002d5ba373ee4,shared_vit_base_kmax2048
1256,2048,2048,3632,12105,36a7ef50363d3bef,shared_vit_base_kmax2048
1257,2048,2048,10579,1375,5c4441bfb1336d64,shared_vit_base_kmax2048
1260,2048,2048,16118,2211,19f335239006a432,shared_vit_base_kmax2048
1268,2048,2048,7750,8342,460190560d13703f,shared_vit_base_kmax2048
1269,2048,2048,2659,14911,9f9479f85f12f468,shared_vit_base_kmax2048
1279,2048,2048,430,1286,1082c8db54f24de3,shared_vit_base_kmax2048
1300,2048,2048,11327,12700,c43e7ed3606c50e8,shared_vit_base_kmax2048
1307,2048,2048,15448,7005,fb69a1e694abb354,shared_vit_base_kmax2048
1308,2048,2048,334,13405,d912e22476542b73,shared_vit_base_kmax2048
1309,2048,2048,5388,14046,25c3c23148a45b48,shared_vit_base_kmax2048
1311,2048,2048,9087,10655,a069b17b781f355e,shared_vit_base_kmax2048
1314,2048,2048,8534,16337,7f9186977899b421,shared_vit_base_kmax2048
1316,2048,2048,6912,1083,65b26ca864c228a4,shared_vit_base_kmax2048
1322,2048,2048,6718,14529,76d5cf52f43aa295,shared_vit_base_kmax2048
1323,2048,2048,12096,2449,ff35ab52061af02f,shared_vit_base_kmax2048
1336,2048,2048,2638,15142,bbbb2772239a7a06,shared_vit_base_kmax2048
1339,2048,2048,15303,9503,4c96e6d60575d057,shared_vit_base_kmax2048
1344,2048,2048,5176,16077,3f30d35395ee3ea3,shared_vit_base_kmax2048
1345,2048,2048,1648,8726,f1df97a09de7fdd3,shared_vit_base_kmax2048
1346,2048,2048,11708,5016,7d76dd8c7ace7d05,shared_vit_base_kmax2048
1347,2048,2048,6960,12509,0e51a4901c2d9d82,shared_vit_base_kmax2048
1351,2048,2048,14862,7282,9f8286f93e546efb,shared_vit_base_kmax2048
1356,2048,2048,308,14753,70c89931cf0cf2ce,shared_vit_base_kmax2048
1361,2048,2048,10807,11896,0289c82f71b2da87,shared_vit_base_kmax2048
1368,2048,2048,5245,15991,059b6baf970e6de0,shared_vit_base_kmax2048
1373,2048,2048,2163,3902,4aab1d4826c54313,shared_vit_base_kmax2048
1379,2048,2048,15739,10424,45fbadf81bae3767,shared_vit_base_kmax2048
1397,2048,2048,11658,1509,a0cb5ecaafc33d8b,shared_vit_base_kmax2048
1403,2048,2048,1222,2198,bafabf568b9ecef8,shared_vit_base_kmax2048
1409,2048,2048,5577,5746,36d3fb99f9cb8fb5,shared_vit_base_kmax2048
1419,2048,2048,9126,11589,440b8f6191e00dff,shared_vit_base_kmax2048
1429,2048,2048,3258,5159,ec9df863b197fb37,shared_vit_base_kmax2048
1430,2048,2048,15135,13688,1d8210c1ed37e348,shared_vit_base_kmax2048
1432,2048,2048,5673,12125,b8e586b9a8105b6b,shared_vit_base_kmax2048
1434,2048,2048,1435,14005,a080c9db2ae1d800,shared_vit_base_kmax2048
1436,2048,2048,5527,8666,36b344bd7abb8a79,shared_vit_base_kmax2048
1446,2048,2048,8048,14936,ff3a5fa9a65e0687,shared_vit_base_kmax2048
1452,2048,2048,14283,6370,5c9685efede6f05c,shared_vit_base_kmax2048
1461,2048,2048,14185,8526,1dc1f269bacff405,shared_vit_base_kmax2048
1469,2048,2048,8393,6143,17bc1f72d27bb42b,shared_vit_base_kmax2048
1474,2048,2048,4543,1720,3417b69c680507f0,shared_vit_base_kmax2048
1480,2048,2048,8341,12698,339942eb5d3597e5,shared_vit_base_kmax2048
1481,2048,2048,12415,9836,f63ebb4f3fcc61e2,shared_vit_base_kmax2048
1483,2048,2048,8400,14816,44c9f0f59d391700,shared_vit_base_kmax2048
1493,2048,2048,5345,368,aea555d186d75818,shared_vit_base_kmax2048
1507,2048,2048,7420,12748,d0edabba86bbc5ec,shared_vit_base_kmax2048
1508,2048,2048,14666,9001,e2bdd417fb2f924f,shared_vit_base_kmax2048
1519,2048,2048,12946,15320,dcf32662c2c12c40,shared_vit_base_kmax2048
1521,2048,2048,2464,576,d257f1604023d62a,shared_vit_base_kmax2048
1524,2048,2048,8388,6308,2ca606610d322e45,shared_vit_base_kmax2048
1534,2048,2048,14506,6484,0db8f9dbcc8e2eb7,shared_vit_base_kmax2048
1537,2048,2048,4349,12081,636629522e615701,shared_vit_base_kmax2048
1541,2048,2048,12111,5156,5009f5602220c050,shared_vit_base_kmax2048
1542,2048,2048,11011,4975,7370881f3529d07b,shared_vit_base_kmax2048
1550,2048,2048,14904,8365,ecc186076b2f661c,shared_vit_base_kmax2048
1551,2048,2048,6442,7034,60bbb96680deb20b,shared_vit_base_kmax2048
1553,2048,2048,12877,10681,a16030039e2c2d80,shared_vit_base_kmax2048
1559,2048,2048,4300,12686,25861001ffa7c51c,shared_vit_base_kmax2048
1560,2048,2048,14311,1878,fb92da18722c98ac,shared_vit_base_kmax2048
1562,2048,2048,9207,13744,f57b6af798989fb0,shared_vit_base_kmax2048
1573,2048,2048,1206,12444,1f2c5e84495e516f,shared_vit_base_kmax2048
1580,2048,2048,7427,11436,9c9e70317dc28c5e,shared_vit_base_kmax2048
1592,2048,2048,268,11362,a8e036276f18a053,shared_vit_base_kmax2048
1593,2048,2048,3882,2714,1ce4cede86ceb213,shared_vit_base_kmax2048
1606,2048,2048,9782,12583,f4c470e154d83cd8,shared_vit_base_kmax2048
1627,2048,2048,6652,4641,84d2880616d53e47,shared_vit_base_kmax2048
1633,2048,2048,16010,5216,96adb236d95dcfe6,shared_vit_base_kmax2048
1636,2048,2048,11811,7113,4d35a5b9f6f89cf9,shared_vit_base_kmax2048
1642,2048,2048,9273,13627,4560b620ee28600c,shared_vit_base_kmax2048
1648,2048,2048,11495,14496,176ab0ed586ce75b,shared_vit_base_kmax2048
1651,2048,2048,13924,16338,97d80c9f0fa26bda,shared_vit_base_kmax2048
1662,2048,2048,12866,10442,19e18e4dd44bca64,shared_vit_base_kmax2048
1668,2048,2048,954,4723,06bd58e995d416a5,shared_vit_base_kmax2048
1678,2048,2048,16230,10269,5e3ef729aeeb26ae,shared_vit_base_kmax2048
1684,2048,2048,4882,11017,114c66c4d43f6c90,shared_vit_base_kmax2048
1694,2048,2048,9933,2084,84475b0d9ef26f3f,shared_vit_base_kmax2048
1702,2048,2048,5404,2697,94ce235183cad114,shared_vit_base_kmax2048
1704,2048,2048,2801,395,2a899d3d85ed1c44,shared_vit_base_kmax2048
1711,2048,2048,4859,1887,d5066079836e09e8,shared_vit_base_kmax2048
1712,2048,2048,4599,7967,11a499af0892aca3,shared_vit_base_kmax2048
1715,2048,2048,10717,13534,8d3079899a65f079,shared_vit_base_kmax2048
1719,2048,2048,2841,3191,113b894b3bbe76cc,shared_vit_base_kmax2048
1724,2048,2048,10355,3415,81ff8e92ed27cd35,shared_vit_base_kmax2048
1727,2048,2048,11059,926,5b32fe7845314205,shared_vit_base_kmax2048
1732,2048,2048,11480,573,f5a0bc8390dc98a9,shared_vit_base_kmax2048
1749,2048,2048,12081,2103,f6c006c16c0424ee,shared_vit_base_kmax2048
1760,2048,2048,7788,9933,83e513095bad804b,shared_vit_base_kmax2048
1763,2048,2048,15550,2441,5a5317a72bcbed9d,shared_vit_base_kmax2048
1764,2048,2048,7816,2454,53c2957ee702502c,shared_vit_base_kmax2048
1768,2048,2048,12847,9586,6428255e8e76c9a6,shared_vit_base_kmax2048
1771,2048,2048,8958,7244,ddd2a832ffa19b54,shared_vit_base_kmax2048
1772,2048,2048,5240,493,0e1bf24e8a840c6a,shared_vit_base_kmax2048
1776,2048,2048,3151,2322,be2b83933a057b60,shared_vit_base_kmax2048
1791,2048,2048,2492,4022,dadb5ce39cea7a59,shared_vit_base_kmax2048
1794,2048,2048,1936,7893,c3984341b452fc4d,shared_vit_base_kmax2048
1795,2048,2048,213,1239,06a7405f9425e537,shared_vit_base_kmax2048
1799,2048,2048,10660,6113,3246f8a98c271beb,shared_vit_base_kmax2048
1801,2048,2048,15595,679,21dc819ea240ffdf,shared_vit_base_kmax2048
1807,2048,2048,7148,136,b046936db16c1278,shared_vit_base_kmax2048
1814,2048,2048,8407,5747,bc9e9d2c19f7d2b7,shared_vit_base_kmax2048
1818,2048,2048,3900,6643,c38d450ec0374a9b,shared_vit_base_kmax2048
1820,2048,2048,14479,8461,889b2ab32d2a411d,shared_vit_base_kmax2048
1822,2048,2048,1777,4658,2bc81a64f8fbbef6,shared_vit_base_kmax2048
1833,2048,2048,5425,15508,615d2fb4bd1f4a26,shared_vit_base_kmax2048
1848,2048,2048,14204,15061,608c291a51d02678,shared_vit_base_kmax2048
1849,2048,2048,9244,10053,f142fa2cb4804f02,shared_vit_base_kmax2048
1853,2048,2048,8749,11074,83091754f0fc4093,shared_vit_base_kmax2048
1854,2048,2048,14548,6263,01b959e319163f80,shared_vit_base_kmax2048
1864,2048,2048,6469,2037,108631d9051d9722,shared_vit_base_kmax2048
1872,2048,2048,5149,15080,06ad077ffe0b2be4,shared_vit_base_kmax2048
1875,2048,2048,14761,1656,3181fbf787af2b2c,shared_vit_base_kmax2048
1884,2048,2048,8642,7405,9b66526c2e51c2fe,shared_vit_base_kmax2048
1885,2048,2048,3587,6575,0a913af0a4024bab,shared_vit_base_kmax2048
1887,2048,2048,3369,14237,d7f086c6df277639,shared_vit_base_kmax2048
1888,2048,2048,15736,13747,8a6b472d76062a49,shared_vit_base_kmax2048
1890,2048,2048,7664,12502,7c13148d931820e9,shared_vit_base_kmax2048
1891,2048,2048,276,2495,8df3220bf9002f1a,shared_vit_base_kmax2048
1894,2048,2048,13087,9013,d082a3fbaa00e631,shared_vit_base_kmax2048
1900,2048,2048,9318,5452,8f0d85ee7e913a70,shared_vit_base_kmax2048
1902,2048,2048,8766,5263,dfc8d9733da58bac,shared_vit_base_kmax2048
1908,2048,2048,11604,9783,199b050c1b3d384e,shared_vit_base_kmax2048
1910,2048,2048,2374,11828,876321872a78dfe7,shared_vit_base_kmax2048
1921,2048,2048,1134,1317,d908e85c5d62e291,shared_vit_base_kmax2048
1924,2048,2048,8660,5408,97b9d8fe68b9959e,shared_vit_base_kmax2048
1927,2048,2048,3001,14748,d4bb523482d1f393,shared_vit_base_kmax2048
1929,2048,2048,15079,15801,b1574ea12d29ed86,shared_vit_base_kmax2048
1933,2048,2048,1920,2399,da89981dd9cb100f,shared_vit_base_kmax2048
1943,2048,2048,48,13758,2fcc95a0ca191f64,shared_vit_base_kmax2048
1954,2048,2048,14141,9053,325503393fa7e4ec,shared_vit_base_kmax2048
1966,2048,2048,7117,12042,69b0625d4f9fc7d8,shared_vit_base_kmax2048
1970,2048,2048,7601,5364,a50f20dcfd1bc937,shared_vit_base_kmax2048
1971,2048,2048,9412,7941,9dfddeeb098fd886,shared_vit_base_kmax2048
1972,2048,2048,3988,309,8ff021a173aa7c5c,shared_vit_base_kmax2048
1975,2048,2048,8544,10433,0f300ef1462f3814,shared_vit_base_kmax2048
1990,2048,2048,14684,3545,3ad2da04a9a1bb60,shared_vit_base_kmax2048
1997,2048,2048,15445,9477,9b70fac85758583f,shared_vit_base_kmax2048
1998,2048,2048,11645,15883,0c5e6795be918002,shared_vit_base_kmax2048
2003,2048,2048,5264,1121,38a26cf1f0874d7e,shared_vit_base_kmax2048
2009,2048,2048,3037,7128,615323c68be38a97,shared_vit_base_kmax2048
2019,2048,2048,12100,15516,224ba87f9c9da8fb,shared_vit_base_kmax2048
2024,2048,2048,16140,12331,231c645edb8ad82b,shared_vit_base_kmax2048
2026,2048,2048,6053,9020,3f99e89fc5db1649,shared_vit_base_kmax2048
2027,2048,2048,15448,9043,a10188f8ded53936,shared_vit_base_kmax2048
2035,2048,2048,11324,9135,f45e55fe1eed201f,shared_vit_base_kmax2048
2045,2048,2048,9272,6541,10fa42b8616c5141,shared_vit_base_kmax2048
2048,2048,2048,8730,15201,58981e1af78a34ce,shared_vit_base_kmax2048
2049,2048,2048,13678,11738,c847f22f5b25f861,shared_vit_base_kmax2048
2052,2048,2048,5381,11972,191545b39b773ddc,shared_vit_base_kmax2048
2055,2048,2048,9245,13243,9b49ccc3a81c93bf,shared_vit_base_kmax2048
2060,2048,2048,5258,13597,7f06d66435c8ca27,shared_vit_base_kmax2048
2063,2048,2048,760,5684,93ab3f3f2f3bfb75,shared_vit_base_kmax2048
2067,2048,2048,9913,4417,713e38914c0c691c,shared_vit_base_kmax2048
2070,2048,2048,11581,5260,057ea2763834ecc9,shared_vit_base_kmax2048
2074,2048,2048,14807,2003,cd22261497355824,shared_vit_base_kmax2048
2084,2048,2048,10603,4766,9751845d0992384a,shared_vit_base_kmax2048
2090,2048,2048,15476,15715,d8c08c37ec982e53,shared_vit_base_kmax2048
2099,2048,2048,2700,10595,dc9f2973a33feacb,shared_vit_base_kmax2048
2104,2048,2048,6003,3331,9d0e84e5f47abcc0,shared_vit_base_kmax2048
2105,2048,2048,11162,1252,0f4bd213b192ea0b,shared_vit_base_kmax2048
2106,2048,2048,1473,10336,c2dba971e07bf5f7,shared_vit_base_kmax2048
2109,2048,2048,10013,2434,00e9fc0e0407d0f5,shared_vit_base_kmax2048
2126,2048,2048,8224,6776,9463effe908feb74,shared_vit_base_kmax2048
2127,2048,2048,10228,8484,9f26bcdd26b7e5a9,shared_vit_base_kmax2048
2129,2048,2048,10043,6909,d4183af50f87bf96,shared_vit_base_kmax2048
2132,2048,2048,13761,11758,d0d9d4cf1fd672b4,shared_vit_base_kmax2048
2134,2048,2048,4885,481,26091d43c4857036,shared_vit_base_kmax2048
2138,2048,2048,9436,8015,13451891bbefa8d5,shared_vit_base_kmax2048
2141,2048,2048,13037,11868,c0d2a5c1fbf3f2f8,shared_vit_base_kmax2048
2147,2048,2048,10091,3313,637fcf240f1338f1,shared_vit_base_kmax2048
2149,2048,2048,1398,12351,45eb48eb9b2e726b,shared_vit_base_kmax2048
2150,2048,2048,1534,11920,e7bc0a2f10379f3e,shared_vit_base_kmax2048
2151,2048,2048,12679,13836,a8dd1c13e8293c68,shared_vit_base_kmax2048
2154,2048,2048,8763,5166,9201bfded9dd0e26,shared_vit_base_kmax2048
2156,2048,2048,10341,15000,7a197bb0eb9ed6d6,shared_vit_base_kmax2048
2163,2048,2048,9036,13830,7a36b5c551796f4d,shared_vit_base_kmax2048
2167,2048,2048,3253,7057,f7104ab164e04ef9,shared_vit_base_kmax2048
2178,2048,2048,5886,11775,1743534fa6a9f0fd,shared_vit_base_kmax2048
2200,2048,2048,1183,4901,6452e507185db335,shared_vit_base_kmax2048
2205,2048,2048,3792,10120,ebf0ff7d7f105ed3,shared_vit_base_kmax2048
2206,2048,2048,3480,10209,d4bd373c969d15f9,shared_vit_base_kmax2048
2209,2048,2048,15389,12455,d62f03eaba1f8c92,shared_vit_base_kmax2048
2215,2048,2048,4958,5430,4ad21c16863deddf,shared_vit_base_kmax2048
2220,2048,2048,3050,2818,1dc0234a4fff65c7,shared_vit_base_kmax2048
2242,2048,2048,11760,16215,04b8716b64e91bb6,shared_vit_base_kmax2048
2246,2048,2048,2827,4466,13815d9f1a68cf46,shared_vit_base_kmax2048
2249,2048,2048,1844,8685,41d72d5706055fd0,shared_vit_base_kmax2048
2250,2048,2048,9015,16189,97f67a1d614406af,shared_vit_base_kmax2048
2253,2048,2048,14887,14265,27d6a292d8409d4f,shared_vit_base_kmax2048
2254,2048,2048,10887,1564,028786bd9b4fb7a5,shared_vit_base_kmax2048
2276,2048,2048,2725,4261,ba1fa105e053f4b7,shared_vit_base_kmax2048
2280,2048,2048,5314,13564,bee9a16900b3d0c2,shared_vit_base_kmax2048
2281,2048,2048,10079,6829,fe4d21d5d9f53104,shared_vit_base_kmax2048
2288,2048,2048,9334,14100,305c53ecd99b831c,shared_vit_base_kmax2048
2289,2048,2048,4367,7572,eac9a6d0c9194702,shared_vit_base_kmax2048
2296,2048,2048,10008,4974,af5740e3be88a873,shared_vit_base_kmax2048
2299,2048,2048,6076,1906,f7728081b59085bc,shared_vit_base_kmax2048
2317,2048,2048,11346,7336,c966b97fc84b639f,shared_vit_base_kmax2048
2320,2048,2048,10748,9775,fd7e674de618774a,shared_vit_base_kmax2048
2323,2048,2048,13247,3827,ede8710474419773,shared_vit_base_kmax2048
2324,2048,2048,3261,13890,934716254d73bc31,shared_vit_base_kmax2048
2328,2048,2048,9838,12021,07db4985f2dd4c9c,shared_vit_base_kmax2048
2333,2048,2048,5403,400,48061bb939560a44,shared_vit_base_kmax2048
2334,2048,2048,10719,5884,b8a9219bd1c2ace1,shared_vit_base_kmax2048
2336,2048,2048,8708,7268,b178595d84b96e56,shared_vit_base_kmax2048
2337,2048,2048,4443,7405,7bab22b460f12e24,shared_vit_base_kmax2048
2342,2048,2048,12376,1602,a8721601a41bf893,shared_vit_base_kmax2048
2345,2048,2048,1251,14636,0776053a9dd2a41f,shared_vit_base_kmax2048
2349,2048,2048,3552,3540,2f12332d2f9740c4,shared_vit_base_kmax2048
2350,2048,2048,8713,5631,fadc4955ce14fe21,shared_vit_base_kmax2048
2352,2048,2048,10367,3567,45ded3b74bc4c3df,shared_vit_base_kmax2048
2355,2048,2048,15940,6494,bf06bfd417523444,shared_vit_base_kmax2048
2361,2048,2048,4747,12079,a4c564f241f93de4,shared_vit_base_kmax2048
2364,2048,2048,3202,14726,c039749d064c5915,shared_vit_base_kmax2048
2367,2048,2048,3395,8144,c9c3e340d71b88f1,shared_vit_base_kmax2048
2368,2048,2048,6003,2064,d05b428c4424041b,shared_vit_base_kmax2048
2375,2048,2048,3508,4392,1ecdf67587c4bec6,shared_vit_base_kmax2048
2380,2048,2048,11198,16129,72b54a3315ad6460,shared_vit_base_kmax2048
2393,2048,2048,1418,1765,f8567b9ff954bd91,shared_vit_base_kmax2048
2397,2048,2048,1395,10090,6d94a52bafba1aab,shared_vit_base_kmax2048
2416,2048,2048,14361,15905,2e84958e876c5be4,shared_vit_base_kmax2048
2425,2048,2048,10172,4423,8ad69ddcef8bd676,shared_vit_base_kmax2048
2426,2048,2048,15994,436,8eb194d9d46cd333,shared_vit_base_kmax2048
2432,2048,2048,10677,11457,e8a984429cab64e6,shared_vit_base_kmax2048
2436,2048,2048,11744,5674,01cbc5ac3d2a7523,shared_vit_base_kmax2048
2445,2048,2048,11788,516,0eb4345bea6c7ed4,shared_vit_base_kmax2048
2447,2048,2048,9601,11420,a0f680f13461e115,shared_vit_base_kmax2048
2449,2048,2048,3006,10228,ab1880d7370f1956,shared_vit_base_kmax2048
2451,2048,2048,1802,15201,60e112c2e87ea98f,shared_vit_base_kmax2048
2463,2048,2048,1762,534,d382b368a24b0947,shared_vit_base_kmax2048
2467,2048,2048,821,7721,5434718176a3c6db,shared_vit_base_kmax2048
2471,2048,2048,4248,5604,728cdeb257de564b,shared_vit_base_kmax2048
2485,2048,2048,9304,10101,a9d39294cd8293f3,shared_vit_base_kmax2048
2486,2048,2048,2998,9711,216a779d969c4b77,shared_vit_base_kmax2048
2492,2048,2048,15215,4915,0f06adbe5691ae37,shared_vit_base_kmax2048
2494,2048,2048,11513,14073,e7394d0ad5f93891,shared_vit_base_kmax2048
2513,2048,2048,15874,5593,317161847a6297ee,shared_vit_base_kmax2048
2516,2048,2048,7020,9248,627cd1b1ae359fe6,shared_vit_base_kmax2048
2518,2048,2048,7969,14784,6e94fda5bbc8d8d9,shared_vit_base_kmax2048
2524,2048,2048,1396,4547,048d54e1ce3725c8,shared_vit_base_kmax2048
2526,2048,2048,15464,10897,c8a74d8d46bdfae0,shared_vit_base_kmax2048
2530,2048,2048,1289,1512,021ee31be97173c9,shared_vit_base_kmax2048
2533,2048,2048,1359,3463,5d918d4d66266d8a,shared_vit_base_kmax2048
2535,2048,2048,11518,3021,dd4a10a38f692b21,shared_vit_base_kmax2048
2541,2048,2048,10206,13029,8d176ca5eb429223,shared_vit_base_kmax2048
2542,2048,2048,16219,13401,9e938c05da70ee5a,shared_vit_base_kmax2048
2551,2048,2048,6007,6335,60cc93960355f7a7,shared_vit_base_kmax2048
2555,2048,2048,12679,13371,e46c10685f723760,shared_vit_base_kmax2048
2564,2048,2048,1912,10218,da2229226c56cf03,shared_vit_base_kmax2048
2565,2048,2048,1557,14711,9416d0bd1eb0205e,shared_vit_base_kmax2048
2583,2048,2048,12222,4686,60de65d8d65d63e9,shared_vit_base_kmax2048
2599,2048,2048,11455,15191,4aa43c244473b1f4,shared_vit_base_kmax2048
2611,2048,2048,4867,13545,3c0b28d83b3fcd3d,shared_vit_base_kmax2048
2659,2048,2048,8514,14387,8858e1eaa4c890a2,shared_vit_base_kmax2048
2668,2048,2048,8713,3014,dc47d986d961ead0,shared_vit_base_kmax2048
2679,2048,2048,16271,9154,1698891aadcb7b21,shared_vit_base_kmax2048
2681,2048,2048,3253,2712,10f0e2dc5a61e258,shared_vit_base_kmax2048
2688,2048,2048,1823,2513,3e5e38df1ff56f6e,shared_vit_base_kmax2048
2694,2048,2048,4959,4151,96d1308cfb53d83e,shared_vit_base_kmax2048
2749,2048,2048,7565,537,85ee4c975f53beea,shared_vit_base_kmax2048
2756,2048,2048,12549,2392,ae039934a077c0b2,shared_vit_base_kmax2048
2759,2048,2048,9071,10447,c1e3e2e99d615faa,shared_vit_base_kmax2048
2770,2048,2048,9795,6117,c2abacc467182482,shared_vit_base_kmax2048
2806,2048,2048,16298,12123,e9e1d6b9b6cfc7c9,shared_vit_base_kmax2048
2814,2048,2048,3211,15070,031d01a37e0bf61e,shared_vit_base_kmax2048
2866,2048,2048,13170,2115,08ef2d606d632b63,shared_vit_base_kmax2048
2887,2048,2048,3735,8749,f326c5deb4c2f4a1,shared_vit_base_kmax2048
