dataset_id,label,d,raw,raw_lo,raw_hi,controlled,ctl_lo,ctl_hi
physics_vit_base,mag_r_desi,6.0,0.06908467098031608,-0.015859926554821928,0.14956139703532212,0.15522986261315389,0.0666357327421018,0.23925123004268065
physics_vit_base,mag_r_desi,7.0,0.10609867156159772,0.018647559911419313,0.19166204478775833,0.22109872998706812,0.13529160704536358,0.3035938352590925
physics_vit_base,mag_r_desi,8.0,0.1556695712345033,0.06679908464654037,0.2473276555513753,0.17588196733271533,0.09462081412581629,0.2638970669792284
physics_vit_base,mag_r_desi,9.0,0.12649538476111855,0.04109887743452524,0.21274148303097412,0.08942054050651745,0.00780169991784129,0.18058059022189318
physics_vit_base,mag_r_desi,10.0,0.07930759223856035,-0.005829107949738565,0.16915062129510725,0.04687517881461645,-0.03545880871242122,0.134384688178475
physics_vit_base,mag_r_desi,11.0,0.012933169756698795,-0.07343832559440605,0.09837026206550557,0.010100433017475194,-0.07119368400405884,0.09578542952877434
physics_vit_base,mag_r_desi,12.0,-0.0008211614407460542,-0.08533445013515022,0.08521276935963902,0.00045195394307687023,-0.07840492615744707,0.0906531206922436
physics_vit_base,mag_r_desi,13.0,0.01623904975586105,-0.07365400880060381,0.10802911216931639,-0.05140526830775569,-0.13062061882649947,0.04225704492842932
physics_vit_base,mag_r_desi,14.0,0.06580369091705102,-0.020364162207817702,0.15317678196985143,0.02314120418054268,-0.060518150016566664,0.11469574903835666
physics_vit_base,mag_r_desi,15.0,0.07273830071259192,-0.014645815946616876,0.1607065543061201,0.06069012785960334,-0.026357793687164406,0.14685958686240977
physics_vit_base,mag_r_desi,16.0,0.053520557009330845,-0.03501462402954026,0.1393161433704834,0.06924542377633583,-0.018271689378126107,0.15062170064449476
physics_vit_base,mag_r_desi,17.0,0.024816697691375848,-0.060075066214553004,0.11127984570593086,0.0821289274842357,-0.004828808605573819,0.16598416978913577
physics_vit_base,mag_r_desi,18.0,0.035157770710080236,-0.05133142478633624,0.12211064732162293,0.10836809489477117,0.021442473468881597,0.1949919293373687
physics_vit_base,mag_r_desi,19.0,0.031399713239463556,-0.05451726223597945,0.113062495966985,0.1009316420331651,0.01325549561133998,0.1877605089697742
physics_vit_base,mag_r_desi,20.0,0.027524755710729893,-0.05828204264041641,0.10908996147087141,0.10696708237488699,0.017285892450568916,0.19380209220252093
physics_vit_base,mag_r_desi,21.0,0.014392028837612657,-0.07178223463722334,0.0957980775500264,0.08548438376191621,-0.0016864783631402307,0.17008826034456648
physics_vit_base,mag_r_desi,22.0,0.01533178907536994,-0.07133082085909903,0.10069462758709292,0.10021754586237283,0.013224123224883927,0.18632389790350878
physics_vit_base,mag_r_desi,23.0,0.01936209180561662,-0.06842815001873377,0.10401544306494005,0.11247636070770534,0.019671887290050906,0.20201571170641522
physics_vit_base,mag_r_desi,24.0,-0.007631808000662331,-0.0946461432686732,0.07995636334719936,0.0936814245945915,-0.0006324941911187302,0.17966162010907077
physics_vit_base,mag_r_desi,25.0,-0.029032118257439905,-0.11534793334249564,0.05650570058468178,0.07332257584600771,-0.020276022210582525,0.1596837164645483
physics_vit_base,mag_r_desi,26.0,-0.03121750114122844,-0.1188835270392882,0.055756423152358604,0.05570808442338723,-0.03520065616752287,0.1404336196182809
physics_vit_base,mag_r_desi,27.0,-0.030034865945249515,-0.11759512981081963,0.05796669364544263,0.05945746930110665,-0.028690031583626107,0.14597422833306747
physics_vit_base,mag_r_desi,28.0,-0.012797047126883794,-0.09958171431027091,0.07759869199503314,0.06175747230519221,-0.025675507776702917,0.14524460156267022
physics_vit_base,mag_r_desi,29.0,-0.013364470621216075,-0.09842658372081077,0.07654586754039001,0.04090500580789875,-0.04892347537709457,0.12169149045363206
physics_vit_base,mag_r_desi,30.0,0.008921106117737672,-0.08049351244681802,0.0995326470049527,0.05878566278710475,-0.02848873406786972,0.14364813528153184
physics_vit_base,mag_r_desi,31.0,-0.04663074027621182,-0.1331133643224235,0.040931374381044876,0.00035306946018013067,-0.08894685680213733,0.08579130936973205
physics_vit_base,mag_r_desi,32.0,0.0001797981008590903,-0.0884942548242807,0.0869827799250995,0.052319100405122394,-0.04118075093667709,0.13686615141837705
physics_vit_base,mag_r_desi,33.0,-0.01738364214133995,-0.10887518229738813,0.06878583337161474,0.05840425121021731,-0.028345213918521735,0.14144991993180625
physics_vit_base,mag_r_desi,34.0,-0.02167537184667961,-0.11543431894486408,0.06713617248300977,0.06967323774619197,-0.0178799855798039,0.15041976664157392
physics_vit_base,mag_r_desi,35.0,-0.0324044725917532,-0.12006735064298181,0.056571906337632955,0.08829490249596594,-0.0038881757910825027,0.17361031619194145
physics_vit_base,mag_r_desi,36.0,-0.04084175105021738,-0.12762456732775915,0.04732186259785254,0.07982499055858824,-0.013218114553751777,0.16281214144872602
physics_vit_base,mag_r_desi,37.0,0.0024926311053709636,-0.08380213264571883,0.09184502870849406,0.11573892279214017,0.023667110543250082,0.19922429652139834
physics_vit_base,mag_r_desi,38.0,-0.013301706689439308,-0.09994317257291249,0.07546890515702429,0.1105157478456415,0.023444411537970326,0.19223846252717086
physics_vit_base,mag_r_desi,39.0,-0.025763610513951,-0.11126514677866825,0.06119095192755598,0.11672097266568247,0.02790139990536366,0.19684740432428835
physics_vit_base,mag_r_desi,40.0,-0.01825125067974702,-0.10014126978780016,0.0651388389519087,0.12316902773486227,0.035345436228799536,0.20263056929719675
physics_vit_base,mag_r_desi,41.0,-0.0012013213238155976,-0.08811698116395351,0.08483760351412825,0.13659541261830374,0.04732929063006082,0.21998063652892083
physics_vit_base,mag_r_desi,42.0,0.031898740141475,-0.05138954164713792,0.11767806353952492,0.1576095275288678,0.0681857182774306,0.23715918222570684
physics_vit_base,mag_r_desi,43.0,0.01591883747429624,-0.07075470439601679,0.10349446691579701,0.13860296431718566,0.04556612172449448,0.22291637787259877
physics_vit_base,mag_r_desi,44.0,-0.006117426980099789,-0.09070611504640695,0.0785908342476917,0.11950896075805954,0.028614111283872964,0.2000326771339124
physics_vit_base,smooth_fraction,6.0,-0.03935593478559413,-0.12372976223201441,0.051091462764209915,0.07390005764983235,-0.015502519390522397,0.1647043907049906
physics_vit_base,smooth_fraction,7.0,-0.10250959161602637,-0.18913537161015564,-0.015771113030763048,0.07874942064064269,-0.0076084916632305115,0.16094612971669306
physics_vit_base,smooth_fraction,8.0,-0.02261683031780364,-0.11321402953656957,0.06556572893505908,0.0726934166180291,-0.013827722677155008,0.15385873001201814
physics_vit_base,smooth_fraction,9.0,-0.022323216717593068,-0.10903027977564997,0.06856523492662811,0.05018539499433516,-0.03890216942293359,0.14080323969263092
physics_vit_base,smooth_fraction,10.0,0.02092104190270196,-0.06432504015194766,0.11081292577744814,0.09006892230576441,0.003874644168042396,0.178333854311487
physics_vit_base,smooth_fraction,11.0,-0.05766476336388917,-0.14518410542511484,0.030501834934049253,0.014380897306050515,-0.07045178694953723,0.09407401016393711
physics_vit_base,smooth_fraction,12.0,-0.0639843401311498,-0.14889335089859088,0.0218136017744349,0.019468798995204907,-0.06522634991104945,0.10459407306192633
physics_vit_base,smooth_fraction,13.0,-0.05568546437440634,-0.1406750396694735,0.0281071405711715,-0.007144269778327096,-0.09274328716773267,0.07108680044468524
physics_vit_base,smooth_fraction,14.0,-0.1274380478879848,-0.21149884821174897,-0.042597241071004405,0.022162015340863577,-0.06553820250536363,0.10530951838965749
physics_vit_base,smooth_fraction,15.0,-0.1464658900390245,-0.22750200883381036,-0.060761395214260695,0.09308954821414266,0.008706246162847694,0.17886864154358278
physics_vit_base,smooth_fraction,16.0,-0.22286970994838692,-0.30226096201265673,-0.14619344821659844,0.10544662169121433,0.02427932753372326,0.1891585326477965
physics_vit_base,smooth_fraction,17.0,-0.2824753271592223,-0.35638633560593586,-0.20518400539569134,0.08899388883166821,0.0042483577335222025,0.17277405486958974
physics_vit_base,smooth_fraction,18.0,-0.3062092123859878,-0.3801732273037111,-0.23083828541349094,0.07225701954658337,-0.018469994836251596,0.1541823025779836
physics_vit_base,smooth_fraction,19.0,-0.3192479271809661,-0.3896942321196716,-0.2407655461578605,0.040573841138233716,-0.048600101148670444,0.12067357101645412
physics_vit_base,smooth_fraction,20.0,-0.3087299620340806,-0.3781110337637684,-0.23318513350459083,0.0660173729128758,-0.022659566479008734,0.1447847752960532
physics_vit_base,smooth_fraction,21.0,-0.3072682419519117,-0.3824828587256837,-0.22801104622904647,0.0630403777709113,-0.027483097194724908,0.14952903199422884
physics_vit_base,smooth_fraction,22.0,-0.301073835416166,-0.3763403888980153,-0.22047101673561803,0.09494376637941887,0.005967101885260781,0.17688649209384466
physics_vit_base,smooth_fraction,23.0,-0.3036478718199609,-0.38288936607002566,-0.2229420423496931,0.12279003015529692,0.032776081512944505,0.20733297979971682
physics_vit_base,smooth_fraction,24.0,-0.33259339845046404,-0.40627578019015276,-0.25338777303880056,0.10034656060814136,0.007267089865242612,0.18510474404503727
physics_vit_base,smooth_fraction,25.0,-0.3230952130611918,-0.3962910499081599,-0.24788165829123773,0.13665620958789668,0.046331713487596175,0.2159892657190954
physics_vit_base,smooth_fraction,26.0,-0.34506151580435107,-0.41427387092727425,-0.2694136709493639,0.09966223707098798,0.004656009756522435,0.18599085760592088
physics_vit_base,smooth_fraction,27.0,-0.318383626732356,-0.3921733527507724,-0.23745389423502475,0.12734729947013654,0.03339452284512907,0.21492729865681862
physics_vit_base,smooth_fraction,28.0,-0.31771360836451856,-0.39095374708023206,-0.2400079903203114,0.1327891646925533,0.0389552766847197,0.21815171551279902
physics_vit_base,smooth_fraction,29.0,-0.30414730104370513,-0.38214443083630295,-0.2230926300460658,0.11429159728659546,0.020534342974838672,0.19947721954424408
physics_vit_base,smooth_fraction,30.0,-0.30520892342156763,-0.37846127706689386,-0.2251092163987228,0.11091298451608474,0.019410117770822907,0.1964669998499822
physics_vit_base,smooth_fraction,31.0,-0.33491512743044827,-0.4078883158269252,-0.2542432082404469,0.10478885212460376,0.01246860060678412,0.19377537879318832
physics_vit_base,smooth_fraction,32.0,-0.3128612949325368,-0.3880651249213927,-0.23129779765672684,0.08502903234112678,-0.011182807953002066,0.18093251083539055
physics_vit_base,smooth_fraction,33.0,-0.31603659548414414,-0.39174205410970003,-0.23697060117489202,0.13890533983360226,0.043513493872347486,0.22889847670204114
physics_vit_base,smooth_fraction,34.0,-0.3472505643389295,-0.4217187160915574,-0.27153355585204053,0.09561959622229088,0.0006959732518473694,0.18428110635377434
physics_vit_base,smooth_fraction,35.0,-0.36250130534670005,-0.4360861368752579,-0.2862773854293947,0.0937852264794406,0.0010483596080532456,0.18100143664939866
physics_vit_base,smooth_fraction,36.0,-0.35423631495977387,-0.4275458792211812,-0.2777580078752554,0.10266015352307711,0.008494435487753159,0.18840063843070579
physics_vit_base,smooth_fraction,37.0,-0.34957917768164704,-0.4221625494321443,-0.27255920208858,0.12178956237626028,0.028324845723304255,0.21323048342765802
physics_vit_base,smooth_fraction,38.0,-0.3094550553037846,-0.3818761751177778,-0.2312323619937052,0.19761151952369507,0.10806703418164672,0.28317178138338184
physics_vit_base,smooth_fraction,39.0,-0.3344943766379419,-0.40639278948153984,-0.25787072610858164,0.1871337876655108,0.10136644091523735,0.2727990412886572
physics_vit_base,smooth_fraction,40.0,-0.30668244526842214,-0.3794145440320195,-0.22808228657106555,0.1904665344869022,0.1061751443017861,0.2744500829060999
physics_vit_base,smooth_fraction,41.0,-0.32788029219738846,-0.400297797976637,-0.2521435795496367,0.1954069141174855,0.10929538560256785,0.2802030259877601
physics_vit_base,smooth_fraction,42.0,-0.2848242359609068,-0.3576079471786296,-0.20291896990160854,0.22928298557466723,0.1448217098897281,0.31316079484939174
physics_vit_base,smooth_fraction,43.0,-0.3134683705553839,-0.38337609408604434,-0.23540856762426468,0.23777113660292284,0.15804238813327415,0.3214379521117681
physics_vit_base,smooth_fraction,44.0,-0.30619320847781556,-0.3793255393781648,-0.22794595796015704,0.210864364821872,0.12538956257356795,0.29719879272299843
physics_vit_base,photo_z,6.0,-0.13807531380753135,-0.22526671077565164,-0.04799512052184817,-0.07846288432480436,-0.17079480970489744,0.010213543262332538
physics_vit_base,photo_z,7.0,-0.0878598064314539,-0.17619486155560582,0.0027262238424930803,-0.05161429851801776,-0.14047315172192984,0.032286986598945674
physics_vit_base,photo_z,8.0,-0.06455690352244157,-0.1558060563538634,0.027085561878514765,-0.01858254946408973,-0.11266292045697283,0.07250992126479913
physics_vit_base,photo_z,9.0,-0.15508614434958476,-0.2446240008871524,-0.06131727333650191,-0.08907770892362628,-0.18321814985468024,0.002583419122353898
physics_vit_base,photo_z,10.0,-0.20005687599110059,-0.2900458291744733,-0.10317475114060663,-0.11443672756068558,-0.20365935285401476,-0.02425520966949865
physics_vit_base,photo_z,11.0,-0.22677211723088223,-0.3127740731156649,-0.1405537635668532,-0.1644111974939182,-0.2525703656320449,-0.07797147524248998
physics_vit_base,photo_z,12.0,-0.22847176290584123,-0.31226844733233156,-0.14110162387484365,-0.18833250518175212,-0.2744138081745755,-0.099773611153796
physics_vit_base,photo_z,13.0,-0.1430912145390247,-0.23426123971834642,-0.04915165644512567,-0.11788887023981455,-0.20693302516792772,-0.022453299534898837
physics_vit_base,photo_z,14.0,-0.05000277524762174,-0.14111316276933591,0.04322467828140602,-0.03186503937645162,-0.12002273979047252,0.06111864232595977
physics_vit_base,photo_z,15.0,-0.026561662795693785,-0.1139497381992004,0.06322721359935295,-0.017615303798949117,-0.1027748412933367,0.07153763404020579
physics_vit_base,photo_z,16.0,0.024220282571069,-0.0684017586087481,0.11532921641226176,0.04572502404293208,-0.046251512217805615,0.13893255516554293
physics_vit_base,photo_z,17.0,0.05791974956873093,-0.029215508478611873,0.14764382966770553,0.11124618790438728,0.023380897625063294,0.20370107404116183
physics_vit_base,photo_z,18.0,0.05724760891962374,-0.02671941854485693,0.14487814061569942,0.09323770559775184,0.002564963874318607,0.19052458962775673
physics_vit_base,photo_z,19.0,0.07108912879117069,-0.012429725907594117,0.1562612889963401,0.13556376999366887,0.04308371411819296,0.22017428474376718
physics_vit_base,photo_z,20.0,0.07622554824408645,-0.010093108699513232,0.16572932888693778,0.14157621681340096,0.049844306925262795,0.23231462018872817
physics_vit_base,photo_z,21.0,0.08676076414618897,0.001900660681191772,0.17311702764651465,0.1741002392904742,0.08779684842166224,0.26226406264651
physics_vit_base,photo_z,22.0,0.0822126750755564,-0.0033775546345908482,0.17383448795695214,0.18510956920859445,0.09885661634949895,0.2766861636453351
physics_vit_base,photo_z,23.0,0.08929099389025366,0.008036818253879405,0.1803621801996205,0.18790471900451974,0.09986619631324413,0.2745742099945553
physics_vit_base,photo_z,24.0,0.06174815390749335,-0.020395792797974183,0.1516530712781078,0.12518146912984818,0.03507826227600829,0.21330993658489647
physics_vit_base,photo_z,25.0,0.060911156915596426,-0.020228626955776936,0.15016245616528065,0.13259934114958052,0.04246583499472085,0.22453632913826807
physics_vit_base,photo_z,26.0,0.02050001337868375,-0.06077289116737106,0.10899249211085572,0.08728883516776094,-0.00864914448626084,0.17746697062108852
physics_vit_base,photo_z,27.0,-0.017653781335696825,-0.10221428900205477,0.07416218969258044,0.046428123629652374,-0.050165392535627726,0.13853745787700958
physics_vit_base,photo_z,28.0,-0.011323784270161839,-0.09793936027740222,0.0807982417718242,0.05448551884636384,-0.038169474666729215,0.147100548456757
physics_vit_base,photo_z,29.0,0.00035359529459529917,-0.08203573718773235,0.09318046346560006,0.06752442826029124,-0.02549703584889495,0.15984675470569568
physics_vit_base,photo_z,30.0,0.012713951136624222,-0.07392231734226565,0.10532250413903922,0.08686801475149149,-0.0015106026144747786,0.1826854500057119
physics_vit_base,photo_z,31.0,-0.010803121280090151,-0.09711234116427055,0.08237387549462961,0.058766255377180464,-0.03256782080719358,0.15352632884670875
physics_vit_base,photo_z,32.0,0.026023751254666223,-0.06422974720416118,0.11798823328031399,0.10358716787417578,0.00916425245753911,0.19595771391280858
physics_vit_base,photo_z,33.0,0.02080882878137439,-0.06685106262856425,0.11316942954622966,0.09552689789897169,0.003644393905114118,0.18700578700469725
physics_vit_base,photo_z,34.0,0.020402050454665165,-0.06918807554871294,0.11233711619222461,0.10133689538024097,0.009232232711690023,0.1976470231247085
physics_vit_base,photo_z,35.0,0.0330629291268098,-0.05176238799810086,0.13118135826057273,0.11028049018612733,0.016538321080769018,0.201026381658258
physics_vit_base,photo_z,36.0,0.042332256183439665,-0.0431055733622349,0.13762723677429292,0.11464758003935764,0.02094399327928295,0.20152160528130503
physics_vit_base,photo_z,37.0,0.01686067969462988,-0.07110638737813989,0.11127397291232163,0.08735594972180076,-0.006675052195432638,0.17846921478935207
physics_vit_base,photo_z,38.0,-0.025572414171321008,-0.11348422390768828,0.07258523165291814,0.0449409889478804,-0.045731254567657954,0.13860604374784122
physics_vit_base,photo_z,39.0,-0.03999883682848681,-0.12547768825235422,0.054295995339974465,0.02939893886029978,-0.0626719227298005,0.12021263961018845
physics_vit_base,photo_z,40.0,-0.03416053403282841,-0.11905806937581034,0.061925034563789116,0.02675957886114894,-0.0673651592395522,0.11551580130007363
physics_vit_base,photo_z,41.0,-0.027878965591131052,-0.11325731443975695,0.0671565905336308,0.03572241243540914,-0.056992956498137896,0.1308291181467435
physics_vit_base,photo_z,42.0,-0.007774673775723283,-0.0962061123321717,0.085074757117262,0.0576715252296545,-0.03509309486737267,0.15513046272728662
physics_vit_base,photo_z,43.0,-0.02887175237980247,-0.11860200043238527,0.06420712109263643,0.030930190028170417,-0.06175124765320888,0.1253691736484938
physics_vit_base,photo_z,44.0,-0.019161481597454642,-0.1063289164806749,0.07284689880520659,0.04592028648516325,-0.045270450311475995,0.13806847986010654
physics_vit_base,stellar_mass,6.0,-0.13415573021295696,-0.22392136473907637,-0.042108277243452126,-0.004371194356590701,-0.10101581927386766,0.08301774350782286
physics_vit_base,stellar_mass,7.0,-0.11150057620505406,-0.19607634947556607,-0.02442584435310467,0.04925855148414878,-0.04333677593988196,0.1379243956016786
physics_vit_base,stellar_mass,8.0,-0.14796317661952194,-0.23696566976558178,-0.05608083763492093,-0.02749315018956937,-0.11829924083826562,0.06814060010607594
physics_vit_base,stellar_mass,9.0,-0.24677152581083425,-0.32882400373758786,-0.1587969471528138,-0.04658505308776937,-0.14333153434481588,0.05115718072915136
physics_vit_base,stellar_mass,10.0,-0.2498453610843185,-0.33280752768725463,-0.15619518829424928,-0.011249655770947904,-0.10685948410536159,0.08312911394028955
physics_vit_base,stellar_mass,11.0,-0.21610087845367565,-0.3000593887155334,-0.1251895973813268,0.000244896369670013,-0.09468761841162325,0.09389530702093701
physics_vit_base,stellar_mass,12.0,-0.19393123375641666,-0.27897067415810856,-0.10493621408575435,-0.019171791854775674,-0.11589150213926344,0.07417801074116015
physics_vit_base,stellar_mass,13.0,-0.14048943755777063,-0.2289676808523482,-0.04335378145832577,0.01891465622991997,-0.0739659490496203,0.11209834019282323
physics_vit_base,stellar_mass,14.0,-0.07268503310875124,-0.1631661471902455,0.022361196837537387,0.0036175900350209596,-0.09151729572653451,0.09689170801340444
physics_vit_base,stellar_mass,15.0,-0.06058880257088072,-0.1442078415599783,0.03230246516359568,-0.03327252648825171,-0.12477712166992148,0.059817933386126995
physics_vit_base,stellar_mass,16.0,0.0026714416853225852,-0.08674320562705894,0.09201103073596034,-0.007138267422162509,-0.09995967441828421,0.08568396225711776
physics_vit_base,stellar_mass,17.0,0.061739404560423226,-0.02370556819139331,0.15178174663445296,0.05591525984773254,-0.033685192199656544,0.14470159096703306
physics_vit_base,stellar_mass,18.0,0.04825980350364912,-0.03858190776976529,0.13410571819843578,0.015724104934923322,-0.07938434587322211,0.1052484849231218
physics_vit_base,stellar_mass,19.0,0.060830750547503885,-0.024905345683715992,0.14746016335530576,0.06884692307906282,-0.02534516968069708,0.15750057947690713
physics_vit_base,stellar_mass,20.0,0.07351841565412146,-0.011155224901976898,0.15935342521908508,0.10703117393928774,0.008882691478605176,0.19512680346709066
physics_vit_base,stellar_mass,21.0,0.07521160642637396,-0.007743382197506664,0.15962664378208533,0.05886013591136554,-0.0319256250766657,0.14960043087248318
physics_vit_base,stellar_mass,22.0,0.07654902407595339,-0.007209200997486779,0.16274499732995357,0.0878455851059391,-0.002185206431208511,0.17994096958326433
physics_vit_base,stellar_mass,23.0,0.07254734139981991,-0.015070747409111105,0.15852697156419557,0.06646427389227787,-0.025561790436740332,0.1594784233926484
physics_vit_base,stellar_mass,24.0,0.06676584734908804,-0.017859142845794505,0.15145556148689804,0.06841610129652656,-0.02198541315308436,0.15615793547739626
physics_vit_base,stellar_mass,25.0,0.06173795810206678,-0.027618890701237558,0.148430041730696,0.0659926175038039,-0.027905840632448296,0.15825821418319544
physics_vit_base,stellar_mass,26.0,0.027893336046746563,-0.05679603384786568,0.11297271508556825,0.02761609907120743,-0.0673895648612886,0.12182945332417819
physics_vit_base,stellar_mass,27.0,-0.0058456945485527816,-0.09598310613830127,0.08086715522110036,0.014774004934645158,-0.08088660088178418,0.11526871352737111
physics_vit_base,stellar_mass,28.0,-0.026803095877079,-0.11399460323749301,0.05919817181370081,0.01235875482268379,-0.08702834758409811,0.10562434979893631
physics_vit_base,stellar_mass,29.0,-0.01177389285643694,-0.0961901264688124,0.07739520127900429,0.019447063830497442,-0.07317821552966336,0.11552150619841559
physics_vit_base,stellar_mass,30.0,-0.03353763908567049,-0.1196319842175565,0.05323939018631082,-0.019868650538666315,-0.11279289361636426,0.07678939680308339
physics_vit_base,stellar_mass,31.0,-0.00896270104067577,-0.0954074136801065,0.08075954020448342,0.011285594674811333,-0.08252092968290098,0.11105521277327415
physics_vit_base,stellar_mass,32.0,-0.000426872114193969,-0.09384336761409476,0.08954796042330297,0.020784480624424548,-0.07456444029641954,0.11288357487615074
physics_vit_base,stellar_mass,33.0,0.020744382519032056,-0.0662863440123312,0.11092783871771508,0.03490947123635949,-0.056588254138710374,0.12849198990144686
physics_vit_base,stellar_mass,34.0,0.02532136618993679,-0.0643707632963704,0.11559952015769966,0.03100670655551198,-0.06515781138932022,0.12670811953907496
physics_vit_base,stellar_mass,35.0,0.05991219385814424,-0.02582241621233109,0.15209877811598907,0.058401052575945966,-0.03234005591328799,0.1533330763456996
physics_vit_base,stellar_mass,36.0,0.05148101063045025,-0.036915505688627705,0.14257651295668236,0.04739607064275562,-0.045078213477076655,0.14312254486060044
physics_vit_base,stellar_mass,37.0,0.015381471263451421,-0.07502114734249492,0.10865347486218932,0.010579834714422016,-0.07876787210806772,0.10272301843487444
physics_vit_base,stellar_mass,38.0,-0.03946400150410223,-0.13494428236373468,0.05391933325428801,-0.008250704452585404,-0.1029348118959966,0.08949760144484474
physics_vit_base,stellar_mass,39.0,-0.039897382680900234,-0.13083322192572286,0.05316166139686243,0.00639412070687262,-0.08395285531345796,0.1018687770185191
physics_vit_base,stellar_mass,40.0,-0.03932091339284107,-0.1299901885301881,0.05336283477611258,-0.003377700633381456,-0.09806517557482301,0.09004930966482205
physics_vit_base,stellar_mass,41.0,-0.031227756356446774,-0.12273880145921502,0.06279090484912773,-0.01879081722063205,-0.11390268128101848,0.07642137440365458
physics_vit_base,stellar_mass,42.0,-0.05148952248154782,-0.14451978398428444,0.04145604806690895,-0.017366946778711482,-0.1127714333256912,0.07650554386463557
physics_vit_base,stellar_mass,43.0,-0.06807711748222396,-0.15950621546209146,0.02514423190169024,-0.032003649523364465,-0.12234900263143891,0.060712029563504175
physics_vit_base,stellar_mass,44.0,-0.050641007756448586,-0.14172291868756107,0.04060628456855714,-0.02369920361391826,-0.11203039174011346,0.06931492283978911
physics_vit_base,sfr,6.0,-0.17048748353096177,-0.42006485252982595,0.10615913664559115,-0.13978919631093542,-0.4011418293464494,0.21397127890173392
physics_vit_base,sfr,7.0,-0.3015810276679841,-0.5994973819477349,0.02026090443878411,-0.3421607378129117,-0.6121294748111897,0.011522214735629326
physics_vit_base,sfr,8.0,-0.15204216073781288,-0.42530178076581443,0.13256386993002714,-0.30474308300395253,-0.5522100505850261,0.03371311891762102
physics_vit_base,sfr,9.0,-0.12700922266139655,-0.4086864559749926,0.16494172967673482,-0.14677206851119895,-0.47820940613016166,0.17831689090325745
physics_vit_base,sfr,10.0,-0.2761528326745718,-0.5046727277128465,-0.004390521235764623,-0.2598155467720685,-0.5574883440811821,0.0969185781009481
physics_vit_base,sfr,11.0,-0.41712779973649533,-0.6461585758637299,-0.14793206494476133,-0.3714097496706191,-0.6198627330192119,-0.049061971442452015
physics_vit_base,sfr,12.0,-0.3140974967061923,-0.5693040471819645,-0.01141436938024491,-0.2757575757575757,-0.5807432471152305,0.07624702701854368
physics_vit_base,sfr,13.0,-0.2061923583662714,-0.484186731460258,0.09436229028267903,-0.2602108036890646,-0.5368547312027168,0.09986927195605291
physics_vit_base,sfr,14.0,-0.0035573122529644263,-0.31129143710312285,0.305079167959053,-0.1507246376811594,-0.4312922709523469,0.18819669614065207
physics_vit_base,sfr,15.0,0.1401844532279315,-0.15538198853755358,0.4335660126184049,0.0670619235836627,-0.28066325255971636,0.4128672134558498
physics_vit_base,sfr,16.0,0.2582345191040843,-0.01417871150899482,0.5117721256856583,0.15573122529644268,-0.19344463177902485,0.44767682138231385
physics_vit_base,sfr,17.0,0.2342555994729908,-0.07428573375115957,0.5254128635477036,0.1638998682476943,-0.15421484953863301,0.4613260037176643
physics_vit_base,sfr,18.0,0.29262187088274044,-0.007695333376281524,0.5600435956072582,0.2624505928853755,-0.09621181047555123,0.530353611459008
physics_vit_base,sfr,19.0,0.2785243741765481,-0.022501290398318472,0.5598555674855754,0.22503293807641633,-0.10365422138799146,0.5350268704400806
physics_vit_base,sfr,20.0,0.31660079051383394,0.017873426640980898,0.5818747293566304,0.31739130434782603,-0.05190328542462341,0.5707380892080304
physics_vit_base,sfr,21.0,0.24611330698287215,-0.04823273073698836,0.5059856086599237,0.13096179183135703,-0.1945018857464082,0.45684663668876807
physics_vit_base,sfr,22.0,0.3162055335968379,0.01871895025935656,0.5817880633670786,0.26903820816864293,-0.11570279938776931,0.5405781833109417
physics_vit_base,sfr,23.0,0.3508563899868247,0.05395229616205082,0.6087805497150744,0.31159420289855067,-0.05709503380684776,0.5979599352062571
physics_vit_base,sfr,24.0,0.383399209486166,0.07828706601073479,0.6449305314487335,0.34716732542819495,-0.030755140948972914,0.6235928762157561
physics_vit_base,sfr,25.0,0.3733860342555994,0.08311726165884996,0.6360515268516967,0.3549407114624506,-0.023638070348318333,0.6301378095574562
physics_vit_base,sfr,26.0,0.3686429512516469,0.063033042524466,0.6393492253480845,0.35322793148880105,-0.05285784141011365,0.6287513258051628
physics_vit_base,sfr,27.0,0.4019762845849802,0.10483769819008533,0.6375901266290105,0.39433465085638997,0.010606781178557598,0.6310029150987095
physics_vit_base,sfr,28.0,0.2910408432147562,-0.004810611362257167,0.5415926217028445,0.23003952569169958,-0.17012989171775478,0.530359592595601
physics_vit_base,sfr,29.0,0.2613965744400527,-0.03269740737709654,0.5200278152718928,0.25652173913043474,-0.11880680640292217,0.5299146192949096
physics_vit_base,sfr,30.0,0.2893280632411067,0.010964308682540886,0.5438823362682726,0.19999999999999996,-0.18249550972392567,0.4960473450239579
physics_vit_base,sfr,31.0,0.25573122529644265,-0.05071005406886041,0.5256748179102082,0.2258234519104084,-0.17218554861730592,0.5258801407287286
physics_vit_base,sfr,32.0,0.32766798418972326,0.02462504003083053,0.602495877799971,0.30263504611330694,-0.08722448657776972,0.5980785065399906
physics_vit_base,sfr,33.0,0.4606060606060605,0.21608514285389024,0.6665042953238143,0.3886693017127799,0.019757201538338244,0.6486061605948802
physics_vit_base,sfr,34.0,0.49617918313570486,0.224461588595228,0.7124409784026347,0.45375494071146244,0.03832873451093585,0.702847388112702
physics_vit_base,sfr,35.0,0.44690382081686425,0.15818817252247908,0.6814487352391719,0.37799736495388664,0.00810373747125694,0.64667118316598
physics_vit_base,sfr,36.0,0.43807641633728595,0.14754777406294153,0.6660546521573258,0.37299077733860336,0.004632186839517703,0.6407986400578166
physics_vit_base,sfr,37.0,0.4616600790513834,0.17979344557913451,0.6754399809872631,0.36403162055335964,-0.002461523026204582,0.6556349845458634
physics_vit_base,sfr,38.0,0.4233201581027668,0.13581103031043978,0.6638570246522316,0.33992094861660077,-0.04096767432916022,0.6426188969714014
physics_vit_base,sfr,39.0,0.3538866930171278,0.060308622766298274,0.6102182534817072,0.3274044795783926,-0.05556701546571606,0.5981041992849634
physics_vit_base,sfr,40.0,0.38932806324110664,0.10350104066060437,0.633896277539707,0.32134387351778654,-0.06688440121679956,0.6288393536182041
physics_vit_base,sfr,41.0,0.3670619235836627,0.03467785063518331,0.6221274847613395,0.31146245059288535,-0.07276079293617282,0.6224170664508772
physics_vit_base,sfr,42.0,0.29907773386034253,-0.019984035541964974,0.5825316923344104,0.2376811594202898,-0.15332241214198197,0.5644133535319443
physics_vit_base,sfr,43.0,0.3089591567852437,-0.005989254773805301,0.5655330564961651,0.22766798418972328,-0.14367697880389152,0.5436107775003148
physics_vit_base,sfr,44.0,0.3678524374176548,0.08947433426876024,0.5994797762815087,0.2915678524374176,-0.061669881136633756,0.5714363883687434
desi_vit_base_hsc,spec_z,5.0,-0.04918349669836693,-0.13513877272800345,0.03289722429412854,-0.023333072263993317,-0.11089565091802737,0.06056167794034715
desi_vit_base_hsc,spec_z,6.0,0.07083606919696502,-0.018986985644890656,0.15528881937483258,0.0971169004131333,0.002770492904501891,0.18293366526521157
desi_vit_base_hsc,spec_z,7.0,0.017045771535001888,-0.06663135801735129,0.10368985465334857,0.03124186393495153,-0.05438475315561052,0.11902404570762595
desi_vit_base_hsc,spec_z,8.0,-0.051845867522687994,-0.1391635188285356,0.036197020676667066,-0.042670800145340526,-0.13241004976481574,0.04448568274787065
desi_vit_base_hsc,spec_z,9.0,-0.11594268204758472,-0.20149462403363513,-0.02940837977886363,-0.13723029391400876,-0.22109062602803023,-0.04824244418690753
desi_vit_base_hsc,spec_z,10.0,-0.08376758462938168,-0.168547828596066,-0.002711207371745218,-0.12683946595941908,-0.2094890704971167,-0.04339450452499836
desi_vit_base_hsc,spec_z,11.0,-0.03126117591352811,-0.11859572316067463,0.05758597917419176,-0.07324774192902346,-0.16061313285921086,0.01301446942701001
desi_vit_base_hsc,spec_z,12.0,-0.10287660861628957,-0.1896669490095439,-0.021581887757738415,-0.16697789350659756,-0.24988243771904178,-0.08642557151946006
desi_vit_base_hsc,spec_z,13.0,-0.09085329262082145,-0.18465832360803916,-0.0014732863272708368,-0.15222828046142756,-0.2404634523475758,-0.06641943701663143
desi_vit_base_hsc,spec_z,14.0,-0.07524671052631579,-0.17065539739792135,0.013972804244167561,-0.12600762036369462,-0.2163332306572032,-0.038134413622544716
desi_vit_base_hsc,spec_z,15.0,-0.1568116567102688,-0.25169407101905517,-0.07091971399404055,-0.21151390891612595,-0.2935550197454317,-0.12955855633021368
desi_vit_base_hsc,spec_z,16.0,-0.1985968774676417,-0.28731291857571284,-0.11351754843975578,-0.2427622995845779,-0.32178794718499665,-0.1618828485699106
desi_vit_base_hsc,spec_z,17.0,-0.1346440981162953,-0.2234211747455998,-0.04565147564331019,-0.1581609023986908,-0.24499404822058485,-0.07763249262263548
desi_vit_base_hsc,spec_z,18.0,-0.16312712074135108,-0.25150327247752485,-0.07911845604184278,-0.19304280607340268,-0.27422298598929434,-0.1163255820807545
desi_vit_base_hsc,spec_z,19.0,-0.1607867950412561,-0.24987471066430594,-0.07674285530613248,-0.20941453591169704,-0.28891930918963227,-0.1270397797999373
desi_vit_base_hsc,spec_z,20.0,-0.10281518579553907,-0.19510017628214552,-0.016356294921959915,-0.15815893543790985,-0.23809539636904337,-0.07518638094394191
desi_vit_base_hsc,spec_z,21.0,-0.0690396081528021,-0.1640857561939713,0.018031314420202428,-0.11154321663176205,-0.19517132704624535,-0.026933230197259645
desi_vit_base_hsc,spec_z,22.0,-0.05250918034240853,-0.14628639460631554,0.03219454118843465,-0.0983926532941944,-0.18227774927230117,-0.010871558567411524
desi_vit_base_hsc,spec_z,23.0,-0.01838831167530699,-0.11065725726371502,0.06749380036078131,-0.05638722233666358,-0.14343174358006325,0.026211123957060867
desi_vit_base_hsc,spec_z,24.0,-0.012379067674895,-0.10161797631025606,0.07299594312708571,-0.048404043785262245,-0.13120763294204207,0.03213118196731005
desi_vit_base_hsc,spec_z,25.0,0.01317041175999359,-0.0753567119859085,0.09816473760911835,-0.009988584474885844,-0.09814321258605324,0.07767124399054512
desi_vit_base_hsc,spec_z,26.0,0.030425843432782873,-0.062252351996518775,0.11533439900357496,0.01933862195442945,-0.06904982559087607,0.10565879581180189
desi_vit_base_hsc,spec_z,27.0,0.05279242269486501,-0.038869844120083305,0.14086554418463385,0.04795378858104165,-0.04098100875873984,0.13873423953373223
desi_vit_base_hsc,spec_z,28.0,0.057034888877444755,-0.03170504178880288,0.1365679514643265,0.05252142914363534,-0.03580726367424341,0.1385126173501397
desi_vit_base_hsc,spec_z,29.0,0.037592554445474415,-0.05620878581178035,0.12177710424975452,0.038097973958869776,-0.04932594398250769,0.1275144027285018
desi_vit_base_hsc,spec_z,30.0,0.03832801896293245,-0.05699759384465331,0.12403149328666145,0.04255859397351827,-0.049356513015949094,0.13299885943354667
desi_vit_base_hsc,spec_z,31.0,0.040646529279820556,-0.05107301404265093,0.12731680489270414,0.03135129848021881,-0.05795153703902405,0.11918336291606761
desi_vit_base_hsc,spec_z,32.0,0.026015202103432097,-0.06725486936295941,0.11396254222379346,0.010610412303590024,-0.07354577947928097,0.09534798931364716
desi_vit_base_hsc,spec_z,33.0,0.05567455668280289,-0.03654540135300513,0.1438026853744309,0.04407798176949222,-0.04252671366552867,0.12993300653021062
desi_vit_base_hsc,spec_z,34.0,0.039983842311257595,-0.05050039134107919,0.13166700718049928,0.03202846943271421,-0.05704267327226317,0.1223477203430124
desi_vit_base_hsc,spec_z,35.0,0.03938195231228757,-0.056869794299498726,0.12958712683848467,0.02097450747302045,-0.06551632552991284,0.10695868547978864
desi_vit_base_hsc,spec_z,36.0,0.07640060124626635,-0.019288566405970445,0.1647130858203922,0.07554524152847873,-0.012855132238526829,0.16361283838423385
desi_vit_base_hsc,spec_z,37.0,0.08953516067566175,-0.004612796749692869,0.18135521397098442,0.08886451645666678,0.0010103987162785192,0.17906587688239364
desi_vit_base_hsc,mag_r,5.0,-0.10763951474004646,-0.19289938879086416,-0.020718449126728305,-0.06941726462274407,-0.15914472290479065,0.025353178457978912
desi_vit_base_hsc,mag_r,6.0,-0.022116596428285326,-0.11117039568754719,0.06398547954803191,0.029908264525468922,-0.060470422738333966,0.11426782389430458
desi_vit_base_hsc,mag_r,7.0,-0.08661458154518717,-0.1690281910593405,0.0013703025949730779,-0.025659361016696997,-0.11148192586731603,0.06191838031881339
desi_vit_base_hsc,mag_r,8.0,-0.1597536935947174,-0.24426528119440988,-0.07298814934821704,-0.08372466912143373,-0.17679385999347272,0.004303504483842755
desi_vit_base_hsc,mag_r,9.0,-0.18306316232933934,-0.2704650003730733,-0.09721377458747585,-0.13791926663118984,-0.22636713798279387,-0.046166208350961885
desi_vit_base_hsc,mag_r,10.0,-0.12041885893386434,-0.21114923613587872,-0.034390394543285414,-0.08072451748663896,-0.17119968592253199,0.011115673553223774
desi_vit_base_hsc,mag_r,11.0,-0.07515891254963894,-0.169008462244688,0.01349883136206835,-0.05748657459859695,-0.1527735863289233,0.034429374639260754
desi_vit_base_hsc,mag_r,12.0,-0.1334150158501276,-0.22958458937518658,-0.049574821116157936,-0.11023769111706205,-0.2090361700854688,-0.014282051174384417
desi_vit_base_hsc,mag_r,13.0,-0.11873746509538685,-0.21479942281018702,-0.031115210334959172,-0.10609080134697474,-0.19876477038251583,-0.008734071117277148
desi_vit_base_hsc,mag_r,14.0,-0.09742374629496114,-0.19436793501340888,-0.008048869931964691,-0.061683353646673766,-0.15909405053968836,0.03335700916179962
desi_vit_base_hsc,mag_r,15.0,-0.14172390522539224,-0.2358049280620733,-0.055156447399297454,-0.08961732599192043,-0.18659202910771736,1.80180562644973e-05
desi_vit_base_hsc,mag_r,16.0,-0.19254936713930945,-0.281797550097605,-0.10748784665297503,-0.15561976788432266,-0.2450449483783665,-0.06714528811412951
desi_vit_base_hsc,mag_r,17.0,-0.11775148130028268,-0.2100024870936712,-0.02822036437560246,-0.07805123897071445,-0.16980200415554927,0.007029363969383191
desi_vit_base_hsc,mag_r,18.0,-0.12969996337876655,-0.2242944900542413,-0.03907269233505305,-0.07840073213856559,-0.1689159773047997,0.003305276691111368
desi_vit_base_hsc,mag_r,19.0,-0.12974305770133096,-0.22442795175523442,-0.039524667613220314,-0.09445363551572998,-0.1826922808783127,-0.00763390869195611
desi_vit_base_hsc,mag_r,20.0,-0.07793348954578226,-0.1762858552047163,0.015514520357105824,-0.04411428113663153,-0.13714381179568116,0.04343719933811771
desi_vit_base_hsc,mag_r,21.0,-0.020339626177315433,-0.11687482439330849,0.06922912624747173,0.034189354665201815,-0.055817566481914854,0.12421765181010525
desi_vit_base_hsc,mag_r,22.0,0.009835429755896592,-0.08625987976094089,0.09954378664695443,0.07372768035957473,-0.02057941496480767,0.1605095398990241
desi_vit_base_hsc,mag_r,23.0,0.05095438725237752,-0.0457866821469651,0.14070735519282,0.10861396499238965,0.01957294632608304,0.19668763784582954
desi_vit_base_hsc,mag_r,24.0,0.06570453674139687,-0.02795515747663545,0.15393573771188,0.10289887103603758,0.01282125842613024,0.1875332322434078
desi_vit_base_hsc,mag_r,25.0,0.07762002752314577,-0.013253781634115343,0.16640417797494328,0.11658730873988622,0.029026877450231227,0.20012033324081618
desi_vit_base_hsc,mag_r,26.0,0.06978383458646617,-0.0253415669434033,0.1591250872972892,0.09713764290864145,0.0067564615332852745,0.18120859169619524
desi_vit_base_hsc,mag_r,27.0,0.09354722422494592,0.001330622712492744,0.1848396152918757,0.11146882975131893,0.022936520333316255,0.20056021951603176
desi_vit_base_hsc,mag_r,28.0,0.08790356670786556,-0.00239045381277019,0.17676164803536323,0.09341382852107438,0.006209772503974099,0.18017465985915648
desi_vit_base_hsc,mag_r,29.0,0.05696854865474188,-0.0338370526519226,0.14830492007846918,0.05988215401517493,-0.026536240375765578,0.14376824211357558
desi_vit_base_hsc,mag_r,30.0,0.07935604922694864,-0.013303645929163423,0.16954289890863777,0.10177457413510946,0.008787852408102533,0.18916512103185884
desi_vit_base_hsc,mag_r,31.0,0.09986501284604204,0.007790048252744798,0.18839039314411224,0.12153010236779162,0.028968123271221037,0.20604195321960836
desi_vit_base_hsc,mag_r,32.0,0.09704376523500532,0.005842083631768136,0.18824060652382527,0.11918521689497717,0.031931802908183135,0.1998776323926137
desi_vit_base_hsc,mag_r,33.0,0.10975721624266144,0.017677858585729983,0.1945371123823755,0.10788028862109612,0.021546793452973355,0.19276528991688344
desi_vit_base_hsc,mag_r,34.0,0.10833599767111843,0.012797391987495242,0.1989833521705842,0.12433740243874526,0.036300728621324566,0.20816317528230777
desi_vit_base_hsc,mag_r,35.0,0.10977277311429258,0.02184780343616166,0.20067660927385644,0.11104056874492164,0.025663409720455724,0.1957650367987165
desi_vit_base_hsc,mag_r,36.0,0.15950147557821492,0.06920570132068718,0.24544177799749262,0.1733417268914295,0.0877033325728716,0.2529671300619265
desi_vit_base_hsc,mag_r,37.0,0.15326388531259655,0.06305982606818424,0.239174992385689,0.14711489768942904,0.06156923352518603,0.2296924558518388
