pair,family,size_name,rank,k,mknn,val_mknn,selected
official_legacy_cross_astropt_15m,astropt,15m,32,10,0.02334452242905096,0.02955758962623951,False
official_legacy_cross_astropt_15m,astropt,15m,64,10,0.027891364052487034,0.03531655225019069,False
official_legacy_cross_astropt_15m,astropt,15m,128,10,0.0351235886481538,0.046186117467582,False
official_legacy_cross_astropt_15m,astropt,15m,256,10,0.04171498321635642,0.0513348588863463,True
official_legacy_cross_astropt_95m,astropt,95m,32,10,0.032621299969484284,0.036803966437833714,False
official_legacy_cross_astropt_95m,astropt,95m,64,10,0.039456820262435154,0.04443173150266972,False
official_legacy_cross_astropt_95m,astropt,95m,128,10,0.04946597497711321,0.05736079328756675,False
official_legacy_cross_astropt_95m,astropt,95m,256,10,0.056393042416844674,0.0649122807017544,True
official_legacy_cross_astropt_850m,astropt,850m,32,10,0.03570338724443088,0.040922959572845155,False
official_legacy_cross_astropt_850m,astropt,850m,64,10,0.04473603906011596,0.0505720823798627,False
official_legacy_cross_astropt_850m,astropt,850m,128,10,0.05300579798596276,0.061556064073226543,False
official_legacy_cross_astropt_850m,astropt,850m,256,10,0.06267927982911199,0.07330282227307398,True
official_legacy_cross_convnext_nano,convnext,nano,32,10,0.028166005492828806,0.035774218154080856,False
official_legacy_cross_convnext_nano,convnext,nano,64,10,0.033994507171193164,0.041762013729977114,False
official_legacy_cross_convnext_nano,convnext,nano,128,10,0.04168446750076289,0.049160945842868044,False
official_legacy_cross_convnext_nano,convnext,nano,256,10,0.04510222764723833,0.05633104500381388,True
official_legacy_cross_convnext_tiny,convnext,tiny,32,10,0.028410131217577052,0.03306636155606407,False
official_legacy_cross_convnext_tiny,convnext,tiny,64,10,0.03378089716203845,0.039435545385202136,False
official_legacy_cross_convnext_tiny,convnext,tiny,128,10,0.042325297528227036,0.0477116704805492,False
official_legacy_cross_convnext_tiny,convnext,tiny,256,10,0.04888617638083613,0.05579710144927537,True
official_legacy_cross_convnext_base,convnext,base,32,10,0.03063777845590479,0.03840579710144927,False
official_legacy_cross_convnext_base,convnext,base,64,10,0.0366188587122368,0.04416475972540046,False
official_legacy_cross_convnext_base,convnext,base,128,10,0.043210253280439426,0.04988558352402746,False
official_legacy_cross_convnext_base,convnext,base,256,10,0.048672566371681415,0.0562929061784897,True
official_legacy_cross_convnext_large,convnext,large,32,10,0.029722306988098874,0.03585049580472922,False
official_legacy_cross_convnext_large,convnext,large,64,10,0.03619163869392737,0.045423340961098395,False
official_legacy_cross_convnext_large,convnext,large,128,10,0.043118706133658834,0.05183066361556064,False
official_legacy_cross_convnext_large,convnext,large,256,10,0.04949649069270674,0.05942028985507246,True
official_legacy_cross_dino_small,dinov2,small,32,10,0.03289594140982606,0.03691838291380625,False
official_legacy_cross_dino_small,dinov2,small,64,10,0.03918217882209338,0.04336384439359268,False
official_legacy_cross_dino_small,dinov2,small,128,10,0.043637473298748855,0.04767353165522502,False
official_legacy_cross_dino_small,dinov2,small,256,10,0.046322856270979554,0.05026697177726926,True
official_legacy_cross_dino_base,dinov2,base,32,10,0.028227036924015868,0.03215102974828375,False
official_legacy_cross_dino_base,dinov2,base,64,10,0.03436069575831553,0.04057971014492754,False
official_legacy_cross_dino_base,dinov2,base,128,10,0.03915166310649985,0.044584286803966436,False
official_legacy_cross_dino_base,dinov2,base,256,10,0.041806530363137015,0.04786422578184592,True
official_legacy_cross_dino_large,dinov2,large,32,10,0.031339639914555996,0.03768115942028986,False
official_legacy_cross_dino_large,dinov2,large,64,10,0.03921269453768691,0.04279176201372998,False
official_legacy_cross_dino_large,dinov2,large,128,10,0.04281354897772353,0.04744469870327994,False
official_legacy_cross_dino_large,dinov2,large,256,10,0.046353371986573084,0.05320366132723112,True
official_legacy_cross_dino_giant,dinov2,giant,32,10,0.0339334757400061,0.03840579710144927,False
official_legacy_cross_dino_giant,dinov2,giant,64,10,0.040372291730241074,0.04614797864225782,False
official_legacy_cross_dino_giant,dinov2,giant,128,10,0.046811107720476045,0.05183066361556064,False
official_legacy_cross_dino_giant,dinov2,giant,256,10,0.05111382361916387,0.05781845919145691,True
official_legacy_cross_vit_base,vit,base,32,10,0.02380225816295392,0.027459954233409613,False
official_legacy_cross_vit_base,vit,base,64,10,0.02883735123588648,0.03428680396643784,False
official_legacy_cross_vit_base,vit,base,128,10,0.031339639914555996,0.0398932112890923,False
official_legacy_cross_vit_base,vit,base,256,10,0.03387244430881904,0.0416094584286804,True
official_legacy_cross_vit_large,vit,large,32,10,0.03295697284101312,0.040541571319603356,False
official_legacy_cross_vit_large,vit,large,64,10,0.043118706133658834,0.050800915331807785,False
official_legacy_cross_vit_large,vit,large,128,10,0.049527006408300274,0.057208237986270026,False
official_legacy_cross_vit_large,vit,large,256,10,0.05379920659139457,0.06289092295957285,True
official_legacy_cross_vit_huge,vit,huge,32,10,0.0378089716203845,0.04508009153318078,False
official_legacy_cross_vit_huge,vit,huge,64,10,0.045529447665547756,0.052364607170099164,False
official_legacy_cross_vit_huge,vit,huge,128,10,0.05425694232529753,0.061250953470633106,False
official_legacy_cross_vit_huge,vit,huge,256,10,0.06197741837046079,0.06941266209000763,True
official_legacy_cross_ijepa_huge,ijepa,huge,32,10,0.030790357033872444,0.03611746758199848,False
official_legacy_cross_ijepa_huge,ijepa,huge,64,10,0.037686908758010375,0.04153318077803204,False
official_legacy_cross_ijepa_huge,ijepa,huge,128,10,0.04067744888617638,0.04645308924485126,False
official_legacy_cross_ijepa_huge,ijepa,huge,256,10,0.04430881904180653,0.05064836003051106,True
official_legacy_cross_ijepa_giant,ijepa,giant,32,10,0.041318278913640524,0.04794050343249428,False
official_legacy_cross_ijepa_giant,ijepa,giant,64,10,0.04894720781202319,0.05522501906941266,False
official_legacy_cross_ijepa_giant,ijepa,giant,128,10,0.05361611229783338,0.0658276125095347,False
official_legacy_cross_ijepa_giant,ijepa,giant,256,10,0.06057369545315837,0.0692601067887109,True
