pair,family,size_name,paper_model,approx_params_m,k,method,mknn,n,n_test,protocol,sae1_tag,sae2_tag
official_legacy_cross_convnext_nano,convnext,nano,ConvNeXtv2 Nano,15.0,10,dense_cosine,0.009747314453125,16384,3277,paper_full_catalog,F2048_k21_seed0,F2048_k21_seed0
official_legacy_cross_convnext_nano,convnext,nano,ConvNeXtv2 Nano,15.0,10,dense_cosine_heldout,0.009246261824839792,16384,3277,heldout_query_full_gallery,F2048_k21_seed0,F2048_k21_seed0
official_legacy_cross_convnext_nano,convnext,nano,ConvNeXtv2 Nano,15.0,10,sae_codes_cosine,0.011595971925541654,16384,3277,heldout_query_full_gallery,F2048_k21_seed0,F2048_k21_seed0
official_legacy_cross_convnext_nano,convnext,nano,ConvNeXtv2 Nano,15.0,10,sae_idf_cosine,0.012206286237412267,16384,3277,heldout_query_full_gallery,F2048_k21_seed0,F2048_k21_seed0
official_legacy_cross_convnext_nano,convnext,nano,ConvNeXtv2 Nano,15.0,10,shared_side1_basis_cosine,0.014952700640830027,16384,3277,heldout_query_full_gallery,F2048_k21_seed0,F2048_k21_seed0
official_legacy_cross_convnext_nano,convnext,nano,ConvNeXtv2 Nano,15.0,10,shared_side1_basis_idf,0.014922184925236498,16384,3277,heldout_query_full_gallery,F2048_k21_seed0,F2048_k21_seed0
official_legacy_cross_convnext_nano,convnext,nano,ConvNeXtv2 Nano,15.0,10,shared_side2_basis_cosine,0.013274336283185842,16384,3277,heldout_query_full_gallery,F2048_k21_seed0,F2048_k21_seed0
official_legacy_cross_convnext_nano,convnext,nano,ConvNeXtv2 Nano,15.0,10,shared_side2_basis_idf,0.01367104058590174,16384,3277,heldout_query_full_gallery,F2048_k21_seed0,F2048_k21_seed0
official_legacy_cross_convnext_nano,convnext,nano,ConvNeXtv2 Nano,15.0,10,dense_cosine_test_subset,0.017973756484589563,16384,3277,test_subset_mknn,F2048_k21_seed0,F2048_k21_seed0
official_legacy_cross_convnext_nano,convnext,nano,ConvNeXtv2 Nano,15.0,10,shared_best_basis_idf,0.014922184925236498,16384,3277,heldout_query_full_gallery,F2048_k21_seed0,F2048_k21_seed0
official_legacy_cross_convnext_tiny,convnext,tiny,ConvNeXtv2 Tiny,28.0,10,dense_cosine,0.009100341796875,16384,3277,paper_full_catalog,F2048_k21_seed0,F2048_k21_seed0
official_legacy_cross_convnext_tiny,convnext,tiny,ConvNeXtv2 Tiny,28.0,10,dense_cosine_heldout,0.008483368935001526,16384,3277,heldout_query_full_gallery,F2048_k21_seed0,F2048_k21_seed0
official_legacy_cross_convnext_tiny,convnext,tiny,ConvNeXtv2 Tiny,28.0,10,sae_codes_cosine,0.01095514189807751,16384,3277,heldout_query_full_gallery,F2048_k21_seed0,F2048_k21_seed0
official_legacy_cross_convnext_tiny,convnext,tiny,ConvNeXtv2 Tiny,28.0,10,sae_idf_cosine,0.011534940494354592,16384,3277,heldout_query_full_gallery,F2048_k21_seed0,F2048_k21_seed0
official_legacy_cross_convnext_tiny,convnext,tiny,ConvNeXtv2 Tiny,28.0,10,shared_side1_basis_cosine,0.014189807750991762,16384,3277,heldout_query_full_gallery,F2048_k21_seed0,F2048_k21_seed0
official_legacy_cross_convnext_tiny,convnext,tiny,ConvNeXtv2 Tiny,28.0,10,shared_side1_basis_idf,0.01464754348489472,16384,3277,heldout_query_full_gallery,F2048_k21_seed0,F2048_k21_seed0
official_legacy_cross_convnext_tiny,convnext,tiny,ConvNeXtv2 Tiny,28.0,10,shared_side2_basis_cosine,0.012480927677754043,16384,3277,heldout_query_full_gallery,F2048_k21_seed0,F2048_k21_seed0
official_legacy_cross_convnext_tiny,convnext,tiny,ConvNeXtv2 Tiny,28.0,10,shared_side2_basis_idf,0.012633506255721696,16384,3277,heldout_query_full_gallery,F2048_k21_seed0,F2048_k21_seed0
official_legacy_cross_convnext_tiny,convnext,tiny,ConvNeXtv2 Tiny,28.0,10,dense_cosine_test_subset,0.018462007934086054,16384,3277,test_subset_mknn,F2048_k21_seed0,F2048_k21_seed0
official_legacy_cross_convnext_tiny,convnext,tiny,ConvNeXtv2 Tiny,28.0,10,shared_best_basis_idf,0.01464754348489472,16384,3277,heldout_query_full_gallery,F2048_k21_seed0,F2048_k21_seed0
official_legacy_cross_convnext_base,convnext,base,ConvNeXtv2 Base,89.0,10,dense_cosine,0.011724853515625,16384,3277,paper_full_catalog,F2048_k21_seed0,F2048_k21_seed0
official_legacy_cross_convnext_base,convnext,base,ConvNeXtv2 Base,89.0,10,dense_cosine_heldout,0.010253280439426304,16384,3277,heldout_query_full_gallery,F2048_k21_seed0,F2048_k21_seed0
official_legacy_cross_convnext_base,convnext,base,ConvNeXtv2 Base,89.0,10,sae_codes_cosine,0.013823619163869394,16384,3277,heldout_query_full_gallery,F2048_k21_seed0,F2048_k21_seed0
official_legacy_cross_convnext_base,convnext,base,ConvNeXtv2 Base,89.0,10,sae_idf_cosine,0.014098260604211169,16384,3277,heldout_query_full_gallery,F2048_k21_seed0,F2048_k21_seed0
official_legacy_cross_convnext_base,convnext,base,ConvNeXtv2 Base,89.0,10,shared_side1_basis_cosine,0.017607567897467195,16384,3277,heldout_query_full_gallery,F2048_k21_seed0,F2048_k21_seed0
official_legacy_cross_convnext_base,convnext,base,ConvNeXtv2 Base,89.0,10,shared_side1_basis_idf,0.01736344217271895,16384,3277,heldout_query_full_gallery,F2048_k21_seed0,F2048_k21_seed0
official_legacy_cross_convnext_base,convnext,base,ConvNeXtv2 Base,89.0,10,shared_side2_basis_cosine,0.01605126640219713,16384,3277,heldout_query_full_gallery,F2048_k21_seed0,F2048_k21_seed0
official_legacy_cross_convnext_base,convnext,base,ConvNeXtv2 Base,89.0,10,shared_side2_basis_idf,0.01644797070491303,16384,3277,heldout_query_full_gallery,F2048_k21_seed0,F2048_k21_seed0
official_legacy_cross_convnext_base,convnext,base,ConvNeXtv2 Base,89.0,10,dense_cosine_test_subset,0.019743667989014342,16384,3277,test_subset_mknn,F2048_k21_seed0,F2048_k21_seed0
official_legacy_cross_convnext_base,convnext,base,ConvNeXtv2 Base,89.0,10,shared_best_basis_idf,0.01736344217271895,16384,3277,heldout_query_full_gallery,F2048_k21_seed0,F2048_k21_seed0
official_legacy_cross_convnext_large,convnext,large,ConvNeXtv2 Large,198.0,10,dense_cosine,0.0132080078125,16384,3277,paper_full_catalog,F2048_k20_seed0,F2048_k20_seed0
official_legacy_cross_convnext_large,convnext,large,ConvNeXtv2 Large,198.0,10,dense_cosine_heldout,0.012450411962160512,16384,3277,heldout_query_full_gallery,F2048_k20_seed0,F2048_k20_seed0
official_legacy_cross_convnext_large,convnext,large,ConvNeXtv2 Large,198.0,10,sae_codes_cosine,0.012511443393347574,16384,3277,heldout_query_full_gallery,F2048_k20_seed0,F2048_k20_seed0
official_legacy_cross_convnext_large,convnext,large,ConvNeXtv2 Large,198.0,10,sae_idf_cosine,0.013518462007934088,16384,3277,heldout_query_full_gallery,F2048_k20_seed0,F2048_k20_seed0
official_legacy_cross_convnext_large,convnext,large,ConvNeXtv2 Large,198.0,10,shared_side1_basis_cosine,0.014281354897772353,16384,3277,heldout_query_full_gallery,F2048_k20_seed0,F2048_k20_seed0
official_legacy_cross_convnext_large,convnext,large,ConvNeXtv2 Large,198.0,10,shared_side1_basis_idf,0.01498321635642356,16384,3277,heldout_query_full_gallery,F2048_k20_seed0,F2048_k20_seed0
official_legacy_cross_convnext_large,convnext,large,ConvNeXtv2 Large,198.0,10,shared_side2_basis_cosine,0.01507476350320415,16384,3277,heldout_query_full_gallery,F2048_k20_seed0,F2048_k20_seed0
official_legacy_cross_convnext_large,convnext,large,ConvNeXtv2 Large,198.0,10,shared_side2_basis_idf,0.015013732072017089,16384,3277,heldout_query_full_gallery,F2048_k20_seed0,F2048_k20_seed0
official_legacy_cross_convnext_large,convnext,large,ConvNeXtv2 Large,198.0,10,dense_cosine_test_subset,0.02108635947512969,16384,3277,test_subset_mknn,F2048_k20_seed0,F2048_k20_seed0
official_legacy_cross_convnext_large,convnext,large,ConvNeXtv2 Large,198.0,10,shared_best_basis_idf,0.015013732072017089,16384,3277,heldout_query_full_gallery,F2048_k20_seed0,F2048_k20_seed0
official_legacy_cross_astropt_15m,astropt,15m,AstroPTv2 Small,15.0,10,dense_cosine,0.007183837890625,16384,3277,paper_full_catalog,F2048_k22_seed0,F2048_k22_seed0
official_legacy_cross_astropt_15m,astropt,15m,AstroPTv2 Small,15.0,10,dense_cosine_heldout,0.006591394568202624,16384,3277,heldout_query_full_gallery,F2048_k22_seed0,F2048_k22_seed0
official_legacy_cross_astropt_15m,astropt,15m,AstroPTv2 Small,15.0,10,sae_codes_cosine,0.00869697894415624,16384,3277,heldout_query_full_gallery,F2048_k22_seed0,F2048_k22_seed0
official_legacy_cross_astropt_15m,astropt,15m,AstroPTv2 Small,15.0,10,sae_idf_cosine,0.009185230393652731,16384,3277,heldout_query_full_gallery,F2048_k22_seed0,F2048_k22_seed0
official_legacy_cross_astropt_15m,astropt,15m,AstroPTv2 Small,15.0,10,shared_side1_basis_cosine,0.01275556911809582,16384,3277,heldout_query_full_gallery,F2048_k22_seed0,F2048_k22_seed0
official_legacy_cross_astropt_15m,astropt,15m,AstroPTv2 Small,15.0,10,shared_side1_basis_idf,0.011687519072322246,16384,3277,heldout_query_full_gallery,F2048_k22_seed0,F2048_k22_seed0
official_legacy_cross_astropt_15m,astropt,15m,AstroPTv2 Small,15.0,10,shared_side2_basis_cosine,0.009215746109246262,16384,3277,heldout_query_full_gallery,F2048_k22_seed0,F2048_k22_seed0
official_legacy_cross_astropt_15m,astropt,15m,AstroPTv2 Small,15.0,10,shared_side2_basis_idf,0.009673481843149222,16384,3277,heldout_query_full_gallery,F2048_k22_seed0,F2048_k22_seed0
official_legacy_cross_astropt_15m,astropt,15m,AstroPTv2 Small,15.0,10,dense_cosine_test_subset,0.017485505035093073,16384,3277,test_subset_mknn,F2048_k22_seed0,F2048_k22_seed0
official_legacy_cross_astropt_15m,astropt,15m,AstroPTv2 Small,15.0,10,shared_best_basis_idf,0.011687519072322246,16384,3277,heldout_query_full_gallery,F2048_k22_seed0,F2048_k22_seed0
official_legacy_cross_astropt_95m,astropt,95m,AstroPTv2 Base,95.0,10,dense_cosine,0.009893798828125,16384,3277,paper_full_catalog,F2048_k19_seed0,F2048_k19_seed0
official_legacy_cross_astropt_95m,astropt,95m,AstroPTv2 Base,95.0,10,dense_cosine_heldout,0.009795544705523344,16384,3277,heldout_query_full_gallery,F2048_k19_seed0,F2048_k19_seed0
official_legacy_cross_astropt_95m,astropt,95m,AstroPTv2 Base,95.0,10,sae_codes_cosine,0.009642966127555691,16384,3277,heldout_query_full_gallery,F2048_k19_seed0,F2048_k19_seed0
official_legacy_cross_astropt_95m,astropt,95m,AstroPTv2 Base,95.0,10,sae_idf_cosine,0.010283796155019835,16384,3277,heldout_query_full_gallery,F2048_k19_seed0,F2048_k19_seed0
official_legacy_cross_astropt_95m,astropt,95m,AstroPTv2 Base,95.0,10,shared_side1_basis_cosine,0.013548977723527617,16384,3277,heldout_query_full_gallery,F2048_k19_seed0,F2048_k19_seed0
official_legacy_cross_astropt_95m,astropt,95m,AstroPTv2 Base,95.0,10,shared_side1_basis_idf,0.013304851998779371,16384,3277,heldout_query_full_gallery,F2048_k19_seed0,F2048_k19_seed0
official_legacy_cross_astropt_95m,astropt,95m,AstroPTv2 Base,95.0,10,shared_side2_basis_cosine,0.010802563320109856,16384,3277,heldout_query_full_gallery,F2048_k19_seed0,F2048_k19_seed0
official_legacy_cross_astropt_95m,astropt,95m,AstroPTv2 Base,95.0,10,shared_side2_basis_idf,0.011443393347574,16384,3277,heldout_query_full_gallery,F2048_k19_seed0,F2048_k19_seed0
official_legacy_cross_astropt_95m,astropt,95m,AstroPTv2 Base,95.0,10,dense_cosine_test_subset,0.02187976808056149,16384,3277,test_subset_mknn,F2048_k19_seed0,F2048_k19_seed0
official_legacy_cross_astropt_95m,astropt,95m,AstroPTv2 Base,95.0,10,shared_best_basis_idf,0.013304851998779371,16384,3277,heldout_query_full_gallery,F2048_k19_seed0,F2048_k19_seed0
official_legacy_cross_astropt_850m,astropt,850m,AstroPTv2 Large,850.0,10,dense_cosine,0.0119384765625,16384,3277,paper_full_catalog,F2048_k19_seed0,F2048_k19_seed0
official_legacy_cross_astropt_850m,astropt,850m,AstroPTv2 Large,850.0,10,dense_cosine_heldout,0.010802563320109856,16384,3277,heldout_query_full_gallery,F2048_k19_seed0,F2048_k19_seed0
official_legacy_cross_astropt_850m,astropt,850m,AstroPTv2 Large,850.0,10,sae_codes_cosine,0.011107720476045163,16384,3277,heldout_query_full_gallery,F2048_k19_seed0,F2048_k19_seed0
official_legacy_cross_astropt_850m,astropt,850m,AstroPTv2 Large,850.0,10,sae_idf_cosine,0.012175770521818736,16384,3277,heldout_query_full_gallery,F2048_k19_seed0,F2048_k19_seed0
official_legacy_cross_astropt_850m,astropt,850m,AstroPTv2 Large,850.0,10,shared_side1_basis_cosine,0.015196826365578273,16384,3277,heldout_query_full_gallery,F2048_k19_seed0,F2048_k19_seed0
official_legacy_cross_astropt_850m,astropt,850m,AstroPTv2 Large,850.0,10,shared_side1_basis_idf,0.015166310649984744,16384,3277,heldout_query_full_gallery,F2048_k19_seed0,F2048_k19_seed0
official_legacy_cross_astropt_850m,astropt,850m,AstroPTv2 Large,850.0,10,shared_side2_basis_cosine,0.010680500457735734,16384,3277,heldout_query_full_gallery,F2048_k19_seed0,F2048_k19_seed0
official_legacy_cross_astropt_850m,astropt,850m,AstroPTv2 Large,850.0,10,shared_side2_basis_idf,0.011168751907232224,16384,3277,heldout_query_full_gallery,F2048_k19_seed0,F2048_k19_seed0
official_legacy_cross_astropt_850m,astropt,850m,AstroPTv2 Large,850.0,10,dense_cosine_test_subset,0.026212999694842844,16384,3277,test_subset_mknn,F2048_k19_seed0,F2048_k19_seed0
official_legacy_cross_astropt_850m,astropt,850m,AstroPTv2 Large,850.0,10,shared_best_basis_idf,0.015166310649984744,16384,3277,heldout_query_full_gallery,F2048_k19_seed0,F2048_k19_seed0
official_legacy_cross_dino_small,dinov2,small,DINOv2 Small,22.0,10,dense_cosine,0.011651611328125,16384,3277,paper_full_catalog,F2048_k20_seed0,F2048_k20_seed0
official_legacy_cross_dino_small,dinov2,small,DINOv2 Small,22.0,10,dense_cosine_heldout,0.012114739090631675,16384,3277,heldout_query_full_gallery,F2048_k20_seed0,F2048_k20_seed0
official_legacy_cross_dino_small,dinov2,small,DINOv2 Small,22.0,10,sae_codes_cosine,0.011565456209948123,16384,3277,heldout_query_full_gallery,F2048_k20_seed0,F2048_k20_seed0
official_legacy_cross_dino_small,dinov2,small,DINOv2 Small,22.0,10,sae_idf_cosine,0.01229783338419286,16384,3277,heldout_query_full_gallery,F2048_k20_seed0,F2048_k20_seed0
official_legacy_cross_dino_small,dinov2,small,DINOv2 Small,22.0,10,shared_side1_basis_cosine,0.015624046383887702,16384,3277,heldout_query_full_gallery,F2048_k20_seed0,F2048_k20_seed0
official_legacy_cross_dino_small,dinov2,small,DINOv2 Small,22.0,10,shared_side1_basis_idf,0.015685077815074763,16384,3277,heldout_query_full_gallery,F2048_k20_seed0,F2048_k20_seed0
official_legacy_cross_dino_small,dinov2,small,DINOv2 Small,22.0,10,shared_side2_basis_cosine,0.01315227342081172,16384,3277,heldout_query_full_gallery,F2048_k20_seed0,F2048_k20_seed0
official_legacy_cross_dino_small,dinov2,small,DINOv2 Small,22.0,10,shared_side2_basis_idf,0.013396399145559965,16384,3277,heldout_query_full_gallery,F2048_k20_seed0,F2048_k20_seed0
official_legacy_cross_dino_small,dinov2,small,DINOv2 Small,22.0,10,dense_cosine_test_subset,0.022886786695148,16384,3277,test_subset_mknn,F2048_k20_seed0,F2048_k20_seed0
official_legacy_cross_dino_small,dinov2,small,DINOv2 Small,22.0,10,shared_best_basis_idf,0.015685077815074763,16384,3277,heldout_query_full_gallery,F2048_k20_seed0,F2048_k20_seed0
official_legacy_cross_dino_base,dinov2,base,DINOv2 Base,86.0,10,dense_cosine,0.00999755859375,16384,3277,paper_full_catalog,F2048_k22_seed0,F2048_k22_seed0
official_legacy_cross_dino_base,dinov2,base,DINOv2 Base,86.0,10,dense_cosine_heldout,0.009398840402807446,16384,3277,heldout_query_full_gallery,F2048_k22_seed0,F2048_k22_seed0
official_legacy_cross_dino_base,dinov2,base,DINOv2 Base,86.0,10,sae_codes_cosine,0.012633506255721696,16384,3277,heldout_query_full_gallery,F2048_k22_seed0,F2048_k22_seed0
official_legacy_cross_dino_base,dinov2,base,DINOv2 Base,86.0,10,sae_idf_cosine,0.012847116264876413,16384,3277,heldout_query_full_gallery,F2048_k22_seed0,F2048_k22_seed0
official_legacy_cross_dino_base,dinov2,base,DINOv2 Base,86.0,10,shared_side1_basis_cosine,0.014525480622520598,16384,3277,heldout_query_full_gallery,F2048_k22_seed0,F2048_k22_seed0
official_legacy_cross_dino_base,dinov2,base,DINOv2 Base,86.0,10,shared_side1_basis_idf,0.014006713457430578,16384,3277,heldout_query_full_gallery,F2048_k22_seed0,F2048_k22_seed0
official_legacy_cross_dino_base,dinov2,base,DINOv2 Base,86.0,10,shared_side2_basis_cosine,0.013457430576747026,16384,3277,heldout_query_full_gallery,F2048_k22_seed0,F2048_k22_seed0
official_legacy_cross_dino_base,dinov2,base,DINOv2 Base,86.0,10,shared_side2_basis_idf,0.013854134879462923,16384,3277,heldout_query_full_gallery,F2048_k22_seed0,F2048_k22_seed0
official_legacy_cross_dino_base,dinov2,base,DINOv2 Base,86.0,10,dense_cosine_test_subset,0.019530057979859627,16384,3277,test_subset_mknn,F2048_k22_seed0,F2048_k22_seed0
official_legacy_cross_dino_base,dinov2,base,DINOv2 Base,86.0,10,shared_best_basis_idf,0.014006713457430578,16384,3277,heldout_query_full_gallery,F2048_k22_seed0,F2048_k22_seed0
official_legacy_cross_dino_large,dinov2,large,DINOv2 Large,300.0,10,dense_cosine,0.01168212890625,16384,3277,paper_full_catalog,F2048_k21_seed0,F2048_k21_seed0
official_legacy_cross_dino_large,dinov2,large,DINOv2 Large,300.0,10,dense_cosine_heldout,0.011351846200793408,16384,3277,heldout_query_full_gallery,F2048_k21_seed0,F2048_k21_seed0
official_legacy_cross_dino_large,dinov2,large,DINOv2 Large,300.0,10,sae_codes_cosine,0.013762587732682333,16384,3277,heldout_query_full_gallery,F2048_k21_seed0,F2048_k21_seed0
official_legacy_cross_dino_large,dinov2,large,DINOv2 Large,300.0,10,sae_idf_cosine,0.014861153494049437,16384,3277,heldout_query_full_gallery,F2048_k21_seed0,F2048_k21_seed0
official_legacy_cross_dino_large,dinov2,large,DINOv2 Large,300.0,10,shared_side1_basis_cosine,0.016325907842538907,16384,3277,heldout_query_full_gallery,F2048_k21_seed0,F2048_k21_seed0
official_legacy_cross_dino_large,dinov2,large,DINOv2 Large,300.0,10,shared_side1_basis_idf,0.01690570643881599,16384,3277,heldout_query_full_gallery,F2048_k21_seed0,F2048_k21_seed0
official_legacy_cross_dino_large,dinov2,large,DINOv2 Large,300.0,10,shared_side2_basis_cosine,0.015532499237107112,16384,3277,heldout_query_full_gallery,F2048_k21_seed0,F2048_k21_seed0
official_legacy_cross_dino_large,dinov2,large,DINOv2 Large,300.0,10,shared_side2_basis_idf,0.015654562099481233,16384,3277,heldout_query_full_gallery,F2048_k21_seed0,F2048_k21_seed0
official_legacy_cross_dino_large,dinov2,large,DINOv2 Large,300.0,10,dense_cosine_test_subset,0.022245956667683857,16384,3277,test_subset_mknn,F2048_k21_seed0,F2048_k21_seed0
official_legacy_cross_dino_large,dinov2,large,DINOv2 Large,300.0,10,shared_best_basis_idf,0.01690570643881599,16384,3277,heldout_query_full_gallery,F2048_k21_seed0,F2048_k21_seed0
official_legacy_cross_dino_giant,dinov2,giant,DINOv2 Giant,1100.0,10,dense_cosine,0.0127197265625,16384,3277,paper_full_catalog,F2048_k22_seed0,F2048_k22_seed0
official_legacy_cross_dino_giant,dinov2,giant,DINOv2 Giant,1100.0,10,dense_cosine_heldout,0.011565456209948123,16384,3277,heldout_query_full_gallery,F2048_k22_seed0,F2048_k22_seed0
official_legacy_cross_dino_giant,dinov2,giant,DINOv2 Giant,1100.0,10,sae_codes_cosine,0.015013732072017089,16384,3277,heldout_query_full_gallery,F2048_k22_seed0,F2048_k22_seed0
official_legacy_cross_dino_giant,dinov2,giant,DINOv2 Giant,1100.0,10,sae_idf_cosine,0.015105279218797682,16384,3277,heldout_query_full_gallery,F2048_k22_seed0,F2048_k22_seed0
official_legacy_cross_dino_giant,dinov2,giant,DINOv2 Giant,1100.0,10,shared_side1_basis_cosine,0.016692096429661275,16384,3277,heldout_query_full_gallery,F2048_k22_seed0,F2048_k22_seed0
official_legacy_cross_dino_giant,dinov2,giant,DINOv2 Giant,1100.0,10,shared_side1_basis_idf,0.01693622215440952,16384,3277,heldout_query_full_gallery,F2048_k22_seed0,F2048_k22_seed0
official_legacy_cross_dino_giant,dinov2,giant,DINOv2 Giant,1100.0,10,shared_side2_basis_cosine,0.01779066219102838,16384,3277,heldout_query_full_gallery,F2048_k22_seed0,F2048_k22_seed0
official_legacy_cross_dino_giant,dinov2,giant,DINOv2 Giant,1100.0,10,shared_side2_basis_idf,0.017027769301190113,16384,3277,heldout_query_full_gallery,F2048_k22_seed0,F2048_k22_seed0
official_legacy_cross_dino_giant,dinov2,giant,DINOv2 Giant,1100.0,10,dense_cosine_test_subset,0.022123893805309734,16384,3277,test_subset_mknn,F2048_k22_seed0,F2048_k22_seed0
official_legacy_cross_dino_giant,dinov2,giant,DINOv2 Giant,1100.0,10,shared_best_basis_idf,0.017027769301190113,16384,3277,heldout_query_full_gallery,F2048_k22_seed0,F2048_k22_seed0
official_legacy_cross_vit_base,vit,base,ViT Base,86.0,10,dense_cosine,0.007208251953125,16384,3277,paper_full_catalog,F2048_k20_seed0,F2048_k20_seed0
official_legacy_cross_vit_base,vit,base,ViT Base,86.0,10,dense_cosine_heldout,0.007110161733292646,16384,3277,heldout_query_full_gallery,F2048_k20_seed0,F2048_k20_seed0
official_legacy_cross_vit_base,vit,base,ViT Base,86.0,10,sae_codes_cosine,0.008971620384498016,16384,3277,heldout_query_full_gallery,F2048_k20_seed0,F2048_k20_seed0
official_legacy_cross_vit_base,vit,base,ViT Base,86.0,10,sae_idf_cosine,0.009642966127555691,16384,3277,heldout_query_full_gallery,F2048_k20_seed0,F2048_k20_seed0
official_legacy_cross_vit_base,vit,base,ViT Base,86.0,10,shared_side1_basis_cosine,0.011016173329264571,16384,3277,heldout_query_full_gallery,F2048_k20_seed0,F2048_k20_seed0
official_legacy_cross_vit_base,vit,base,ViT Base,86.0,10,shared_side1_basis_idf,0.011565456209948123,16384,3277,heldout_query_full_gallery,F2048_k20_seed0,F2048_k20_seed0
official_legacy_cross_vit_base,vit,base,ViT Base,86.0,10,shared_side2_basis_cosine,0.009642966127555691,16384,3277,heldout_query_full_gallery,F2048_k20_seed0,F2048_k20_seed0
official_legacy_cross_vit_base,vit,base,ViT Base,86.0,10,shared_side2_basis_idf,0.01049740616417455,16384,3277,heldout_query_full_gallery,F2048_k20_seed0,F2048_k20_seed0
official_legacy_cross_vit_base,vit,base,ViT Base,86.0,10,dense_cosine_test_subset,0.015257857796765334,16384,3277,test_subset_mknn,F2048_k20_seed0,F2048_k20_seed0
official_legacy_cross_vit_base,vit,base,ViT Base,86.0,10,shared_best_basis_idf,0.011565456209948123,16384,3277,heldout_query_full_gallery,F2048_k20_seed0,F2048_k20_seed0
official_legacy_cross_vit_large,vit,large,ViT Large,307.0,10,dense_cosine,0.01473388671875,16384,3277,paper_full_catalog,F2048_k23_seed0,F2048_k23_seed0
official_legacy_cross_vit_large,vit,large,ViT Large,307.0,10,dense_cosine_heldout,0.01367104058590174,16384,3277,heldout_query_full_gallery,F2048_k23_seed0,F2048_k23_seed0
official_legacy_cross_vit_large,vit,large,ViT Large,307.0,10,sae_codes_cosine,0.015715593530668294,16384,3277,heldout_query_full_gallery,F2048_k23_seed0,F2048_k23_seed0
official_legacy_cross_vit_large,vit,large,ViT Large,307.0,10,sae_idf_cosine,0.015776624961855355,16384,3277,heldout_query_full_gallery,F2048_k23_seed0,F2048_k23_seed0
official_legacy_cross_vit_large,vit,large,ViT Large,307.0,10,shared_side1_basis_cosine,0.01922490082392432,16384,3277,heldout_query_full_gallery,F2048_k23_seed0,F2048_k23_seed0
official_legacy_cross_vit_large,vit,large,ViT Large,307.0,10,shared_side1_basis_idf,0.019346963686298443,16384,3277,heldout_query_full_gallery,F2048_k23_seed0,F2048_k23_seed0
official_legacy_cross_vit_large,vit,large,ViT Large,307.0,10,shared_side2_basis_cosine,0.018187366493744278,16384,3277,heldout_query_full_gallery,F2048_k23_seed0,F2048_k23_seed0
official_legacy_cross_vit_large,vit,large,ViT Large,307.0,10,shared_side2_basis_idf,0.018370460787305462,16384,3277,heldout_query_full_gallery,F2048_k23_seed0,F2048_k23_seed0
official_legacy_cross_vit_large,vit,large,ViT Large,307.0,10,dense_cosine_test_subset,0.024412572474824534,16384,3277,test_subset_mknn,F2048_k23_seed0,F2048_k23_seed0
official_legacy_cross_vit_large,vit,large,ViT Large,307.0,10,shared_best_basis_idf,0.019346963686298443,16384,3277,heldout_query_full_gallery,F2048_k23_seed0,F2048_k23_seed0
official_legacy_cross_vit_huge,vit,huge,ViT Huge,632.0,10,dense_cosine,0.014373779296875,16384,3277,paper_full_catalog,F2048_k23_seed0,F2048_k23_seed0
official_legacy_cross_vit_huge,vit,huge,ViT Huge,632.0,10,dense_cosine_heldout,0.014464449191333537,16384,3277,heldout_query_full_gallery,F2048_k23_seed0,F2048_k23_seed0
official_legacy_cross_vit_huge,vit,huge,ViT Huge,632.0,10,sae_codes_cosine,0.0160207506866036,16384,3277,heldout_query_full_gallery,F2048_k23_seed0,F2048_k23_seed0
official_legacy_cross_vit_huge,vit,huge,ViT Huge,632.0,10,sae_idf_cosine,0.01647848642050656,16384,3277,heldout_query_full_gallery,F2048_k23_seed0,F2048_k23_seed0
official_legacy_cross_vit_huge,vit,huge,ViT Huge,632.0,10,shared_side1_basis_cosine,0.017973756484589563,16384,3277,heldout_query_full_gallery,F2048_k23_seed0,F2048_k23_seed0
official_legacy_cross_vit_huge,vit,huge,ViT Huge,632.0,10,shared_side1_basis_idf,0.01821788220933781,16384,3277,heldout_query_full_gallery,F2048_k23_seed0,F2048_k23_seed0
official_legacy_cross_vit_huge,vit,huge,ViT Huge,632.0,10,shared_side2_basis_cosine,0.017699115044247787,16384,3277,heldout_query_full_gallery,F2048_k23_seed0,F2048_k23_seed0
official_legacy_cross_vit_huge,vit,huge,ViT Huge,632.0,10,shared_side2_basis_idf,0.017210863594751297,16384,3277,heldout_query_full_gallery,F2048_k23_seed0,F2048_k23_seed0
official_legacy_cross_vit_huge,vit,huge,ViT Huge,632.0,10,dense_cosine_test_subset,0.02609093683246872,16384,3277,test_subset_mknn,F2048_k23_seed0,F2048_k23_seed0
official_legacy_cross_vit_huge,vit,huge,ViT Huge,632.0,10,shared_best_basis_idf,0.01821788220933781,16384,3277,heldout_query_full_gallery,F2048_k23_seed0,F2048_k23_seed0
official_legacy_cross_ijepa_huge,ijepa,huge,IJEPA Huge,630.0,10,dense_cosine,0.010443115234375,16384,3277,paper_full_catalog,F2048_k18_seed0,F2048_k18_seed0
official_legacy_cross_ijepa_huge,ijepa,huge,IJEPA Huge,630.0,10,dense_cosine_heldout,0.010741531888922795,16384,3277,heldout_query_full_gallery,F2048_k18_seed0,F2048_k18_seed0
official_legacy_cross_ijepa_huge,ijepa,huge,IJEPA Huge,630.0,10,sae_codes_cosine,0.01687519072322246,16384,3277,heldout_query_full_gallery,F2048_k18_seed0,F2048_k18_seed0
official_legacy_cross_ijepa_huge,ijepa,huge,IJEPA Huge,630.0,10,sae_idf_cosine,0.020231919438510833,16384,3277,heldout_query_full_gallery,F2048_k18_seed0,F2048_k18_seed0
official_legacy_cross_ijepa_huge,ijepa,huge,IJEPA Huge,630.0,10,shared_side1_basis_cosine,0.020262435154104363,16384,3277,heldout_query_full_gallery,F2048_k18_seed0,F2048_k18_seed0
official_legacy_cross_ijepa_huge,ijepa,huge,IJEPA Huge,630.0,10,shared_side1_basis_idf,0.023436069575831553,16384,3277,heldout_query_full_gallery,F2048_k18_seed0,F2048_k18_seed0
official_legacy_cross_ijepa_huge,ijepa,huge,IJEPA Huge,630.0,10,shared_side2_basis_cosine,0.020384498016478486,16384,3277,heldout_query_full_gallery,F2048_k18_seed0,F2048_k18_seed0
official_legacy_cross_ijepa_huge,ijepa,huge,IJEPA Huge,630.0,10,shared_side2_basis_idf,0.023649679584986268,16384,3277,heldout_query_full_gallery,F2048_k18_seed0,F2048_k18_seed0
official_legacy_cross_ijepa_huge,ijepa,huge,IJEPA Huge,630.0,10,dense_cosine_test_subset,0.019926762282575526,16384,3277,test_subset_mknn,F2048_k18_seed0,F2048_k18_seed0
official_legacy_cross_ijepa_huge,ijepa,huge,IJEPA Huge,630.0,10,shared_best_basis_idf,0.023649679584986268,16384,3277,heldout_query_full_gallery,F2048_k18_seed0,F2048_k18_seed0
official_legacy_cross_ijepa_giant,ijepa,giant,IJEPA Giant,1000.0,10,dense_cosine,0.017822265625,16384,3277,paper_full_catalog,F2048_k18_seed0,F2048_k18_seed0
official_legacy_cross_ijepa_giant,ijepa,giant,IJEPA Giant,1000.0,10,dense_cosine_heldout,0.017577052181873665,16384,3277,heldout_query_full_gallery,F2048_k18_seed0,F2048_k18_seed0
official_legacy_cross_ijepa_giant,ijepa,giant,IJEPA Giant,1000.0,10,sae_codes_cosine,0.02291730241074153,16384,3277,heldout_query_full_gallery,F2048_k18_seed0,F2048_k18_seed0
official_legacy_cross_ijepa_giant,ijepa,giant,IJEPA Giant,1000.0,10,sae_idf_cosine,0.02371071101617333,16384,3277,heldout_query_full_gallery,F2048_k18_seed0,F2048_k18_seed0
official_legacy_cross_ijepa_giant,ijepa,giant,IJEPA Giant,1000.0,10,shared_side1_basis_cosine,0.025358559658223985,16384,3277,heldout_query_full_gallery,F2048_k18_seed0,F2048_k18_seed0
official_legacy_cross_ijepa_giant,ijepa,giant,IJEPA Giant,1000.0,10,shared_side1_basis_idf,0.02737259688739701,16384,3277,heldout_query_full_gallery,F2048_k18_seed0,F2048_k18_seed0
official_legacy_cross_ijepa_giant,ijepa,giant,IJEPA Giant,1000.0,10,shared_side2_basis_cosine,0.027738785474519377,16384,3277,heldout_query_full_gallery,F2048_k18_seed0,F2048_k18_seed0
official_legacy_cross_ijepa_giant,ijepa,giant,IJEPA Giant,1000.0,10,shared_side2_basis_idf,0.028104974061641745,16384,3277,heldout_query_full_gallery,F2048_k18_seed0,F2048_k18_seed0
official_legacy_cross_ijepa_giant,ijepa,giant,IJEPA Giant,1000.0,10,dense_cosine_test_subset,0.03320109856576137,16384,3277,test_subset_mknn,F2048_k18_seed0,F2048_k18_seed0
official_legacy_cross_ijepa_giant,ijepa,giant,IJEPA Giant,1000.0,10,shared_best_basis_idf,0.028104974061641745,16384,3277,heldout_query_full_gallery,F2048_k18_seed0,F2048_k18_seed0
