family,model,size_name,parameter_count,log10_params,embedding_dim,pca_rank,rank_label,raw_dense_mknn,raw_pca_mknn,raw_pca_minus_dense,pca_ridge_mknn,dense_raw_from_pca_sweep,dense_ridge_mknn,ridge_gain_after_pca,ridge_gain_full,I_pca_x_ridge
astropt,official_legacy_cross_astropt_15m,15m,15000000,7.176091259055681,384,8,8,0.017485505035093073,0.01507476350320415,-0.0024107415318889228,0.0152273420811718,0.017485505035093,0.0320109856576136,0.00015257857796764987,0.014525480622520529,-0.014372902044552879
astropt,official_legacy_cross_astropt_15m,15m,15000000,7.176091259055681,384,16,16,0.017485505035093073,0.018126335062557217,0.000640830027464144,0.0205065608788526,0.017485505035093,0.0320109856576136,0.0023802258162953817,0.014525480622520529,-0.012145254806225147
astropt,official_legacy_cross_astropt_15m,15m,15000000,7.176091259055681,384,32,32,0.017485505035093073,0.017729630759841318,0.00024412572474824534,0.0233445224290509,0.017485505035093,0.0320109856576136,0.0056148916692095804,0.014525480622520529,-0.008910588953310948
astropt,official_legacy_cross_astropt_15m,15m,15000000,7.176091259055681,384,64,64,0.017485505035093073,0.01788220933780897,0.0003967043027158987,0.027891364052487,0.017485505035093,0.0320109856576136,0.010009154714678028,0.014525480622520529,-0.004516325907842501
astropt,official_legacy_cross_astropt_15m,15m,15000000,7.176091259055681,384,128,128,0.017485505035093073,0.017668599328654257,0.000183094293561184,0.0351235886481538,0.017485505035093,0.0320109856576136,0.017454989319499542,0.014525480622520529,0.0029295086969790135
astropt,official_legacy_cross_astropt_15m,15m,15000000,7.176091259055681,384,256,256,0.017485505035093073,0.017180347879157766,-0.0003051571559353067,0.0417149832163564,0.017485505035093,0.0320109856576136,0.024534635337198636,0.014525480622520529,0.010009154714678108
astropt,official_legacy_cross_astropt_15m,15m,15000000,7.176091259055681,384,384,full,0.017485505035093073,0.017485505035093073,0.0,0.0320109856576136,0.017485505035093,0.0320109856576136,0.014525480622520529,0.014525480622520529,0.0
astropt,official_legacy_cross_astropt_95m,95m,95000000,7.977723605288848,768,8,8,0.02187976808056149,0.018065303631370155,-0.0038144644491913335,0.0207201708880073,0.0218797680805614,0.0482453463533719,0.002654867256637144,0.026365578272810414,-0.02371071101617327
astropt,official_legacy_cross_astropt_95m,95m,95000000,7.977723605288848,768,16,16,0.02187976808056149,0.021330485199877937,-0.000549282880683552,0.0270979554470552,0.0218797680805614,0.0482453463533719,0.0057674702471772615,0.026365578272810414,-0.020598108025633152
astropt,official_legacy_cross_astropt_95m,95m,95000000,7.977723605288848,768,32,32,0.02187976808056149,0.021818736649374428,-6.1031431187061336e-05,0.0326212999694842,0.0218797680805614,0.0482453463533719,0.010802563320109773,0.026365578272810414,-0.01556301495270064
astropt,official_legacy_cross_astropt_95m,95m,95000000,7.977723605288848,768,64,64,0.02187976808056149,0.02236801953005798,0.0004882514494964907,0.0394568202624351,0.0218797680805614,0.0482453463533719,0.01708880073237712,0.026365578272810414,-0.009276777540433295
astropt,official_legacy_cross_astropt_95m,95m,95000000,7.977723605288848,768,128,128,0.02187976808056149,0.02200183094293561,0.00012206286237412267,0.0494659749771132,0.0218797680805614,0.0482453463533719,0.027464144034177587,0.026365578272810414,0.0010985657613671734
astropt,official_legacy_cross_astropt_95m,95m,95000000,7.977723605288848,768,256,256,0.02187976808056149,0.021818736649374428,-6.1031431187061336e-05,0.0563930424168446,0.0218797680805614,0.0482453463533719,0.03457430576747017,0.026365578272810414,0.008208727494659757
astropt,official_legacy_cross_astropt_95m,95m,95000000,7.977723605288848,768,512,512,0.02187976808056149,0.02194079951174855,6.1031431187061336e-05,0.0649679584986267,0.0218797680805614,0.0482453463533719,0.04302715898687815,0.026365578272810414,0.016661580714067738
astropt,official_legacy_cross_astropt_95m,95m,95000000,7.977723605288848,768,768,full,0.02187976808056149,0.02187976808056149,0.0,0.0482453463533719,0.0218797680805614,0.0482453463533719,0.026365578272810414,0.026365578272810414,0.0
astropt,official_legacy_cross_astropt_850m,850m,850000000,8.929418925714293,2048,8,8,0.026212999694842844,0.02053707659444614,-0.005675923100396704,0.0209642966127555,0.0262129996948428,0.0501678364357644,0.00042722001830935996,0.023954836740921553,-0.023527616722612194
astropt,official_legacy_cross_astropt_850m,850m,850000000,8.929418925714293,2048,16,16,0.026212999694842844,0.022245956667683857,-0.003967043027158987,0.0310649984742142,0.0262129996948428,0.0501678364357644,0.008819041806530342,0.023954836740921553,-0.015135794934391211
astropt,official_legacy_cross_astropt_850m,850m,850000000,8.929418925714293,2048,32,32,0.026212999694842844,0.023527616722612145,-0.0026853829722306988,0.0366493744278303,0.0262129996948428,0.0501678364357644,0.013121757705218152,0.023954836740921553,-0.010833079035703401
astropt,official_legacy_cross_astropt_850m,850m,850000000,8.929418925714293,2048,64,64,0.026212999694842844,0.024839792493133964,-0.00137320720170888,0.0450411962160512,0.0262129996948428,0.0501678364357644,0.02020140372291724,0.023954836740921553,-0.0037534330180043138
astropt,official_legacy_cross_astropt_850m,850m,850000000,8.929418925714293,2048,128,128,0.026212999694842844,0.02416844675007629,-0.0020445529447665547,0.0531583765639304,0.0262129996948428,0.0501678364357644,0.028989929813854114,0.023954836740921553,0.00503509307293256
astropt,official_legacy_cross_astropt_850m,850m,850000000,8.929418925714293,2048,256,256,0.026212999694842844,0.023130912419896246,-0.0030820872749465975,0.063259078425389,0.0262129996948428,0.0501678364357644,0.04012816600549275,0.023954836740921553,0.0161733292645712
astropt,official_legacy_cross_astropt_850m,850m,850000000,8.929418925714293,2048,512,512,0.026212999694842844,0.023466585291425084,-0.00274641440341776,0.0692706743973146,0.0262129996948428,0.0501678364357644,0.04580408910588952,0.023954836740921553,0.021849252364967965
astropt,official_legacy_cross_astropt_850m,850m,850000000,8.929418925714293,2048,2048,full,0.026212999694842844,0.026212999694842844,0.0,0.0501678364357644,0.0262129996948428,0.0501678364357644,0.023954836740921553,0.023954836740921553,0.0
convnext,official_legacy_cross_convnext_nano,nano,15000000,7.176091259055681,640,8,8,0.017973756484589563,0.009459871833994507,-0.008513884650595056,0.0127860848336893,0.0179737564845895,0.0411046689044858,0.0033262129996947925,0.02313091241989624,-0.019804699420201445
convnext,official_legacy_cross_convnext_nano,nano,15000000,7.176091259055681,640,16,16,0.017973756484589563,0.015196826365578273,-0.0027769301190112908,0.0215440952090326,0.0179737564845895,0.0411046689044858,0.006347268843454327,0.02313091241989624,-0.016783643576441912
convnext,official_legacy_cross_convnext_nano,nano,15000000,7.176091259055681,640,32,32,0.017973756484589563,0.01821788220933781,0.00024412572474824534,0.0281660054928288,0.0179737564845895,0.0411046689044858,0.00994812328349099,0.02313091241989624,-0.013182789136405249
convnext,official_legacy_cross_convnext_nano,nano,15000000,7.176091259055681,640,64,64,0.017973756484589563,0.019835215135794934,0.0018614586512053707,0.0339945071711931,0.0179737564845895,0.0411046689044858,0.014159292035398167,0.02313091241989624,-0.008971620384498072
convnext,official_legacy_cross_convnext_nano,nano,15000000,7.176091259055681,640,128,128,0.017973756484589563,0.020933780897162038,0.002960024412572475,0.0416844675007628,0.0179737564845895,0.0411046689044858,0.020750686603600764,0.02313091241989624,-0.0023802258162954754
convnext,official_legacy_cross_convnext_nano,nano,15000000,7.176091259055681,640,256,256,0.017973756484589563,0.021299969484284406,0.003326212999694843,0.0451022276472383,0.0179737564845895,0.0411046689044858,0.023802258162953893,0.02313091241989624,0.0006713457430576539
convnext,official_legacy_cross_convnext_nano,nano,15000000,7.176091259055681,640,512,512,0.017973756484589563,0.021269453768690876,0.003295697284101312,0.0497406164174549,0.0179737564845895,0.0411046689044858,0.028471162648764023,0.02313091241989624,0.005340250228867784
convnext,official_legacy_cross_convnext_nano,nano,15000000,7.176091259055681,640,640,full,0.017973756484589563,0.017973756484589563,0.0,0.0411046689044858,0.0179737564845895,0.0411046689044858,0.02313091241989624,0.02313091241989624,0.0
convnext,official_legacy_cross_convnext_tiny,tiny,28000000,7.447158031342219,768,8,8,0.018462007934086054,0.013030210558437597,-0.005431797375648457,0.0142813548977723,0.018462007934086,0.0421116875190723,0.0012511443393347036,0.023649679584986247,-0.022398535245651545
convnext,official_legacy_cross_convnext_tiny,tiny,28000000,7.447158031342219,768,16,16,0.018462007934086054,0.016753127860848337,-0.0017088800732377174,0.019438510833079,0.018462007934086,0.0421116875190723,0.002685382972230664,0.023649679584986247,-0.020964296612755583
convnext,official_legacy_cross_convnext_tiny,tiny,28000000,7.447158031342219,768,32,32,0.018462007934086054,0.019896246566981995,0.0014342386328959414,0.028410131217577,0.018462007934086,0.0421116875190723,0.008513884650595004,0.023649679584986247,-0.015135794934391242
convnext,official_legacy_cross_convnext_tiny,tiny,28000000,7.447158031342219,768,64,64,0.018462007934086054,0.020872749465974977,0.0024107415318889228,0.0337808971620384,0.018462007934086,0.0421116875190723,0.012908147696063424,0.023649679584986247,-0.010741531888922823
convnext,official_legacy_cross_convnext_tiny,tiny,28000000,7.447158031342219,768,128,128,0.018462007934086054,0.02145254806225206,0.0029905401281660055,0.042325297528227,0.018462007934086,0.0421116875190723,0.020872749465974942,0.023649679584986247,-0.0027769301190113047
convnext,official_legacy_cross_convnext_tiny,tiny,28000000,7.447158031342219,768,256,256,0.018462007934086054,0.02187976808056149,0.003417760146475435,0.0488861763808361,0.018462007934086,0.0421116875190723,0.027006408300274613,0.023649679584986247,0.0033567287152883665
convnext,official_legacy_cross_convnext_tiny,tiny,28000000,7.447158031342219,768,512,512,0.018462007934086054,0.022520598108025633,0.004058590173939579,0.0530363137015563,0.018462007934086,0.0421116875190723,0.030515715593530668,0.023649679584986247,0.006866036008544421
convnext,official_legacy_cross_convnext_tiny,tiny,28000000,7.447158031342219,768,768,full,0.018462007934086054,0.018462007934086054,0.0,0.0421116875190723,0.018462007934086,0.0421116875190723,0.023649679584986247,0.023649679584986247,0.0
convnext,official_legacy_cross_convnext_base,base,89000000,7.949390006644912,1024,8,8,0.019743667989014342,0.012450411962160512,-0.00729325602685383,0.0141592920353982,0.0197436679890143,0.0454379005187671,0.001708880073237688,0.02569423252975276,-0.02398535245651507
convnext,official_legacy_cross_convnext_base,base,89000000,7.949390006644912,1024,16,16,0.019743667989014342,0.01742447360390601,-0.0023191943851083308,0.0227036924015868,0.0197436679890143,0.0454379005187671,0.005279218797680788,0.02569423252975276,-0.02041501373207197
convnext,official_legacy_cross_convnext_base,base,89000000,7.949390006644912,1024,32,32,0.019743667989014342,0.02014037229173024,0.0003967043027158987,0.0306377784559047,0.0197436679890143,0.0454379005187671,0.01049740616417446,0.02569423252975276,-0.0151968263655783
convnext,official_legacy_cross_convnext_base,base,89000000,7.949390006644912,1024,64,64,0.019743667989014342,0.02145254806225206,0.0017088800732377174,0.0365273115654562,0.0197436679890143,0.0454379005187671,0.015074763503204143,0.02569423252975276,-0.010619469026548617
convnext,official_legacy_cross_convnext_base,base,89000000,7.949390006644912,1024,128,128,0.019743667989014342,0.022245956667683857,0.0025022886786695148,0.0434238632895941,0.0197436679890143,0.0454379005187671,0.021177906621910242,0.02569423252975276,-0.004516325907842518
convnext,official_legacy_cross_convnext_base,base,89000000,7.949390006644912,1024,256,256,0.019743667989014342,0.023008849557522124,0.0032651815685077815,0.0485810192249008,0.0197436679890143,0.0454379005187671,0.02557216966737868,0.02569423252975276,-0.00012206286237408104
convnext,official_legacy_cross_convnext_base,base,89000000,7.949390006644912,1024,512,512,0.019743667989014342,0.023130912419896246,0.003387244430881904,0.0536466280134269,0.0197436679890143,0.0454379005187671,0.030515715593530654,0.02569423252975276,0.004821483063777894
convnext,official_legacy_cross_convnext_base,base,89000000,7.949390006644912,1024,1024,full,0.019743667989014342,0.019743667989014342,0.0,0.0454379005187671,0.0197436679890143,0.0454379005187671,0.02569423252975276,0.02569423252975276,0.0
convnext,official_legacy_cross_convnext_large,large,198000000,8.296665190261532,1536,8,8,0.02108635947512969,0.011748550503509307,-0.009337808971620384,0.0141592920353982,0.0210863594751296,0.0472383277387854,0.0024107415318888933,0.026151968263655706,-0.02374122673176681
convnext,official_legacy_cross_convnext_large,large,198000000,8.296665190261532,1536,16,16,0.02108635947512969,0.017119316447970705,-0.003967043027158987,0.0227647238327738,0.0210863594751296,0.0472383277387854,0.005645407384803094,0.026151968263655706,-0.020506560878852612
convnext,official_legacy_cross_convnext_large,large,198000000,8.296665190261532,1536,32,32,0.02108635947512969,0.020872749465974977,-0.00021361000915471468,0.0301190112908147,0.0210863594751296,0.0472383277387854,0.009246261824839723,0.026151968263655706,-0.016905706438815983
convnext,official_legacy_cross_convnext_large,large,198000000,8.296665190261532,1536,64,64,0.02108635947512969,0.022703692401586817,0.0016173329264571254,0.035825450106805,0.0210863594751296,0.0472383277387854,0.01312175770521818,0.026151968263655706,-0.013030210558437526
convnext,official_legacy_cross_convnext_large,large,198000000,8.296665190261532,1536,128,128,0.02108635947512969,0.02371071101617333,0.0026243515410436374,0.0422337503814464,0.0210863594751296,0.0472383277387854,0.018523039365273074,0.026151968263655706,-0.007628928898382632
convnext,official_legacy_cross_convnext_large,large,198000000,8.296665190261532,1536,256,256,0.02108635947512969,0.02425999389685688,0.0031736344217271895,0.0500457735733902,0.0210863594751296,0.0472383277387854,0.025785779676533317,0.026151968263655706,-0.00036618858712238883
convnext,official_legacy_cross_convnext_large,large,198000000,8.296665190261532,1536,512,512,0.02108635947512969,0.02459566676838572,0.003509307293256027,0.0567287152883735,0.0210863594751296,0.0472383277387854,0.03213304851998778,0.026151968263655706,0.005981080256332073
convnext,official_legacy_cross_convnext_large,large,198000000,8.296665190261532,1536,1536,full,0.02108635947512969,0.02108635947512969,0.0,0.0472383277387854,0.0210863594751296,0.0472383277387854,0.026151968263655706,0.026151968263655706,0.0
dinov2,official_legacy_cross_dino_small,small,22000000,7.342422680822207,384,8,8,0.022886786695148,0.017180347879157766,-0.005706438815990235,0.0180653036313701,0.022886786695148,0.0345437900518767,0.0008849557522123339,0.011657003356728701,-0.010772047604516367
dinov2,official_legacy_cross_dino_small,small,22000000,7.342422680822207,384,16,16,0.022886786695148,0.022215440952090326,-0.0006713457430576747,0.0248092767775404,0.022886786695148,0.0345437900518767,0.002593835825450072,0.011657003356728701,-0.00906316753127863
dinov2,official_legacy_cross_dino_small,small,22000000,7.342422680822207,384,32,32,0.022886786695148,0.02505340250228868,0.0021666158071406774,0.032895941409826,0.022886786695148,0.0345437900518767,0.00784253890753732,0.011657003356728701,-0.003814464449191382
dinov2,official_legacy_cross_dino_small,small,22000000,7.342422680822207,384,64,64,0.022886786695148,0.02688434543790052,0.0039975587427525175,0.0391821788220933,0.022886786695148,0.0345437900518767,0.012297833384192783,0.011657003356728701,0.0006408300274640816
dinov2,official_legacy_cross_dino_small,small,22000000,7.342422680822207,384,128,128,0.022886786695148,0.02764723832773879,0.004760451632590788,0.0436374732987488,0.022886786695148,0.0345437900518767,0.01599023497101001,0.011657003356728701,0.00433323161428131
dinov2,official_legacy_cross_dino_small,small,22000000,7.342422680822207,384,256,256,0.022886786695148,0.028013426914861157,0.005126640219713156,0.0463228562709795,0.022886786695148,0.0345437900518767,0.018309429356118342,0.011657003356728701,0.0066524259993896405
dinov2,official_legacy_cross_dino_small,small,22000000,7.342422680822207,384,384,full,0.022886786695148,0.022886786695148,0.0,0.0345437900518767,0.022886786695148,0.0345437900518767,0.011657003356728701,0.011657003356728701,0.0
dinov2,official_legacy_cross_dino_base,base,86000000,7.9344984512435675,768,8,8,0.019530057979859627,0.013945682026243517,-0.0055843759536161105,0.0144644491913335,0.0195300579798596,0.0328654256942325,0.0005187671650899832,0.013335367714372874,-0.012816600549282891
dinov2,official_legacy_cross_dino_base,base,86000000,7.9344984512435675,768,16,16,0.019530057979859627,0.01788220933780897,-0.001647848642050656,0.0211473909063167,0.0195300579798596,0.0328654256942325,0.0032651815685077294,0.013335367714372874,-0.010070186145865145
dinov2,official_legacy_cross_dino_base,base,86000000,7.9344984512435675,768,32,32,0.019530057979859627,0.02194079951174855,0.0024107415318889228,0.0282270369240158,0.0195300579798596,0.0328654256942325,0.006286237412267248,0.013335367714372874,-0.007049130302105626
dinov2,official_legacy_cross_dino_base,base,86000000,7.9344984512435675,768,64,64,0.019530057979859627,0.023405553860238022,0.003875495880378395,0.0343606957583155,0.0195300579798596,0.0328654256942325,0.010955141898077475,0.013335367714372874,-0.002380225816295399
dinov2,official_legacy_cross_dino_base,base,86000000,7.9344984512435675,768,128,128,0.019530057979859627,0.024321025328043942,0.004790967348184315,0.0391516631064998,0.0195300579798596,0.0328654256942325,0.014830637778455856,0.013335367714372874,0.001495270064082982
dinov2,official_legacy_cross_dino_base,base,86000000,7.9344984512435675,768,256,256,0.019530057979859627,0.024931339639914556,0.005401281660054928,0.041806530363137,0.0195300579798596,0.0328654256942325,0.016875190723222445,0.013335367714372874,0.0035398230088495714
dinov2,official_legacy_cross_dino_base,base,86000000,7.9344984512435675,768,512,512,0.019530057979859627,0.0251754653646628,0.0056454073848031736,0.0449496490692706,0.0195300579798596,0.0328654256942325,0.019774183704607796,0.013335367714372874,0.006438815990234922
dinov2,official_legacy_cross_dino_base,base,86000000,7.9344984512435675,768,768,full,0.019530057979859627,0.019530057979859627,0.0,0.0328654256942325,0.0195300579798596,0.0328654256942325,0.013335367714372874,0.013335367714372874,0.0
dinov2,official_legacy_cross_dino_large,large,300000000,8.477121254719663,1024,8,8,0.022245956667683857,0.014800122062862376,-0.007445834604821481,0.0164174549893195,0.0222459566676838,0.0375648458956362,0.0016173329264571237,0.01531888922795234,-0.013701556301495216
dinov2,official_legacy_cross_dino_large,large,300000000,8.477121254719663,1024,16,16,0.022245956667683857,0.020415013732072017,-0.00183094293561184,0.024382056759231,0.0222459566676838,0.0375648458956362,0.003967043027158983,0.01531888922795234,-0.011351846200793356
dinov2,official_legacy_cross_dino_large,large,300000000,8.477121254719663,1024,32,32,0.022245956667683857,0.022764723832773878,0.0005187671650900214,0.0313396399145559,0.0222459566676838,0.0375648458956362,0.00857491608178202,0.01531888922795234,-0.006743973146170319
dinov2,official_legacy_cross_dino_large,large,300000000,8.477121254719663,1024,64,64,0.022245956667683857,0.025083918217882212,0.0028379615501983556,0.0391821788220933,0.0222459566676838,0.0375648458956362,0.014098260604211089,0.01531888922795234,-0.001220628623741251
dinov2,official_legacy_cross_dino_large,large,300000000,8.477121254719663,1024,128,128,0.022245956667683857,0.02554165395178517,0.003295697284101312,0.0425694232529752,0.0222459566676838,0.0375648458956362,0.01702776930119003,0.01531888922795234,0.0017088800732376896
dinov2,official_legacy_cross_dino_large,large,300000000,8.477121254719663,1024,256,256,0.022245956667683857,0.0259688739700946,0.0037229173024107415,0.0469026548672566,0.0222459566676838,0.0375648458956362,0.020933780897162003,0.01531888922795234,0.005614891669209664
dinov2,official_legacy_cross_dino_large,large,300000000,8.477121254719663,1024,512,512,0.022245956667683857,0.026426609703997562,0.004180653036313705,0.0484589563625267,0.0222459566676838,0.0375648458956362,0.02203234665852914,0.01531888922795234,0.006713457430576799
dinov2,official_legacy_cross_dino_large,large,300000000,8.477121254719663,1024,1024,full,0.022245956667683857,0.022245956667683857,0.0,0.0375648458956362,0.0222459566676838,0.0375648458956362,0.01531888922795234,0.01531888922795234,0.0
dinov2,official_legacy_cross_dino_giant,giant,1100000000,9.041392685158225,1536,8,8,0.022123893805309734,0.01638693927372597,-0.0057369545315837656,0.0168141592920353,0.0221238938053097,0.0389990845285321,0.0004272200183093322,0.01687519072322237,-0.016447970704913037
dinov2,official_legacy_cross_dino_giant,giant,1100000000,9.041392685158225,1536,16,16,0.022123893805309734,0.019926762282575526,-0.002197131522734208,0.0257247482453463,0.0221238938053097,0.0389990845285321,0.005797985962770775,0.01687519072322237,-0.011077204760451594
dinov2,official_legacy_cross_dino_giant,giant,1100000000,9.041392685158225,1536,32,32,0.022123893805309734,0.022245956667683857,0.00012206286237412267,0.0340250228867866,0.0221238938053097,0.0389990845285321,0.01177906621910274,0.01687519072322237,-0.0050961245041196285
dinov2,official_legacy_cross_dino_giant,giant,1100000000,9.041392685158225,1536,64,64,0.022123893805309734,0.024839792493133964,0.0027158986878242294,0.0404943545926151,0.0221238938053097,0.0389990845285321,0.015654562099481135,0.01687519072322237,-0.0012206286237412337
dinov2,official_legacy_cross_dino_giant,giant,1100000000,9.041392685158225,1536,128,128,0.022123893805309734,0.024870308208727494,0.00274641440341776,0.0459566676838571,0.0221238938053097,0.0389990845285321,0.021086359475129608,0.01687519072322237,0.004211168751907239
dinov2,official_legacy_cross_dino_giant,giant,1100000000,9.041392685158225,1536,256,256,0.022123893805309734,0.025205981080256335,0.003082087274946601,0.0504119621605126,0.0221238938053097,0.0389990845285321,0.025205981080256266,0.01687519072322237,0.008330790357033897
dinov2,official_legacy_cross_dino_giant,giant,1100000000,9.041392685158225,1536,512,512,0.022123893805309734,0.025297528227036924,0.0031736344217271895,0.0535550808666463,0.0221238938053097,0.0389990845285321,0.028257552639609378,0.01687519072322237,0.011382361916387009
dinov2,official_legacy_cross_dino_giant,giant,1100000000,9.041392685158225,1536,1536,full,0.022123893805309734,0.022123893805309734,0.0,0.0389990845285321,0.0221238938053097,0.0389990845285321,0.01687519072322237,0.01687519072322237,0.0
vit,official_legacy_cross_vit_base,base,86000000,7.9344984512435675,768,8,8,0.015257857796765334,0.009246261824839792,-0.006011595971925542,0.0103753433018004,0.0152578577967653,0.0268843454379005,0.001129081476960607,0.011626487641135167,-0.01049740616417456
vit,official_legacy_cross_vit_base,base,86000000,7.9344984512435675,768,16,16,0.015257857796765334,0.012175770521818736,-0.0030820872749465975,0.0179127250534025,0.0152578577967653,0.0268843454379005,0.005736954531583762,0.011626487641135167,-0.005889533109551405
vit,official_legacy_cross_vit_base,base,86000000,7.9344984512435675,768,32,32,0.015257857796765334,0.01415929203539823,-0.001098565761367104,0.0238022581629539,0.0152578577967653,0.0268843454379005,0.00964296612755567,0.011626487641135167,-0.001983521513579497
vit,official_legacy_cross_vit_base,base,86000000,7.9344984512435675,768,64,64,0.015257857796765334,0.016264876411351846,0.001007018614586512,0.0288373512358864,0.0152578577967653,0.0268843454379005,0.012572474824534555,0.011626487641135167,0.0009459871833993883
vit,official_legacy_cross_vit_base,base,86000000,7.9344984512435675,768,128,128,0.015257857796765334,0.016997253585596582,0.001739395788831248,0.0313396399145559,0.0152578577967653,0.0268843454379005,0.014342386328959317,0.011626487641135167,0.0027158986878241496
vit,official_legacy_cross_vit_base,base,86000000,7.9344984512435675,768,256,256,0.015257857796765334,0.017180347879157766,0.001922490082392432,0.033872444308819,0.0152578577967653,0.0268843454379005,0.016692096429661234,0.011626487641135167,0.005065608788526067
vit,official_legacy_cross_vit_base,base,86000000,7.9344984512435675,768,512,512,0.015257857796765334,0.01736344217271895,0.002105584375953616,0.0361916386939273,0.0152578577967653,0.0268843454379005,0.018828196521208353,0.011626487641135167,0.007201708880073186
vit,official_legacy_cross_vit_base,base,86000000,7.9344984512435675,768,768,full,0.015257857796765334,0.015257857796765334,0.0,0.0268843454379005,0.0152578577967653,0.0268843454379005,0.011626487641135167,0.011626487641135167,0.0
vit,official_legacy_cross_vit_large,large,307000000,8.487138375477187,1024,8,8,0.024412572474824534,0.015807140677448886,-0.008605431797375648,0.0182789136405248,0.0244125724748245,0.0453463533719865,0.0024717729630759147,0.02093378089716197,-0.018462007934086054
vit,official_legacy_cross_vit_large,large,307000000,8.487138375477187,1024,16,16,0.024412572474824534,0.020659139456820262,-0.003753433018004272,0.0246872139151663,0.0244125724748245,0.0453463533719865,0.004028074458346038,0.02093378089716197,-0.01690570643881593
vit,official_legacy_cross_vit_large,large,307000000,8.487138375477187,1024,32,32,0.024412572474824534,0.024107415318889228,-0.0003051571559353067,0.0332621299969484,0.0244125724748245,0.0453463533719865,0.009154714678059173,0.02093378089716197,-0.011779066219102796
vit,official_legacy_cross_vit_large,large,307000000,8.487138375477187,1024,64,64,0.024412572474824534,0.026640219713152273,0.0022276472383277388,0.042844064693317,0.0244125724748245,0.0453463533719865,0.01620384498016473,0.02093378089716197,-0.00472993591699724
vit,official_legacy_cross_vit_large,large,307000000,8.487138375477187,1024,128,128,0.024412572474824534,0.027891364052487034,0.0034787915776624996,0.0482148306377784,0.0244125724748245,0.0453463533719865,0.020323466585291366,0.02093378089716197,-0.000610314311870603
vit,official_legacy_cross_vit_large,large,307000000,8.487138375477187,1024,256,256,0.024412572474824534,0.02883735123588648,0.004424778761061947,0.0538297223069881,0.0244125724748245,0.0453463533719865,0.024992371071101617,0.02093378089716197,0.004058590173939648
vit,official_legacy_cross_vit_large,large,307000000,8.487138375477187,1024,512,512,0.024412572474824534,0.029020445529447665,0.004607873054623131,0.0593225511138236,0.0244125724748245,0.0453463533719865,0.030302105584375932,0.02093378089716197,0.009368324687213964
vit,official_legacy_cross_vit_large,large,307000000,8.487138375477187,1024,1024,full,0.024412572474824534,0.024412572474824534,0.0,0.0453463533719865,0.0244125724748245,0.0453463533719865,0.02093378089716197,0.02093378089716197,0.0
vit,official_legacy_cross_vit_huge,huge,632000000,8.800717078282386,1280,8,8,0.02609093683246872,0.018370460787305462,-0.007720476045163259,0.0195910894110466,0.0260909368324687,0.0458956362526701,0.0012206286237411365,0.019804699420201376,-0.01858407079646024
vit,official_legacy_cross_vit_huge,huge,632000000,8.800717078282386,1280,16,16,0.02609093683246872,0.022490082392432102,-0.003600854440036619,0.0280744583460482,0.0260909368324687,0.0458956362526701,0.005584375953616098,0.019804699420201376,-0.014220323466585277
vit,official_legacy_cross_vit_huge,huge,632000000,8.800717078282386,1280,32,32,0.02609093683246872,0.02545010680500458,-0.0006408300274641406,0.0379615501983521,0.0260909368324687,0.0458956362526701,0.012511443393347522,0.019804699420201376,-0.007293256026853854
vit,official_legacy_cross_vit_huge,huge,632000000,8.800717078282386,1280,64,64,0.02609093683246872,0.026823314006713457,0.000732377174244736,0.0454073848031736,0.0260909368324687,0.0458956362526701,0.018584070796460142,0.019804699420201376,-0.0012206286237412337
vit,official_legacy_cross_vit_huge,huge,632000000,8.800717078282386,1280,128,128,0.02609093683246872,0.027555691180958193,0.001464754348489472,0.0549893194995422,0.0260909368324687,0.0458956362526701,0.027433628318584008,0.019804699420201376,0.007628928898382632
vit,official_legacy_cross_vit_huge,huge,632000000,8.800717078282386,1280,256,256,0.02609093683246872,0.02783033262129997,0.001739395788831248,0.0611229783338419,0.0260909368324687,0.0458956362526701,0.03329264571254193,0.019804699420201376,0.013487946292340555
vit,official_legacy_cross_vit_huge,huge,632000000,8.800717078282386,1280,512,512,0.02609093683246872,0.02783033262129997,0.001739395788831248,0.0670430271589868,0.0260909368324687,0.0458956362526701,0.03921269453768683,0.019804699420201376,0.019407995117485456
vit,official_legacy_cross_vit_huge,huge,632000000,8.800717078282386,1280,1280,full,0.02609093683246872,0.02609093683246872,0.0,0.0458956362526701,0.0260909368324687,0.0458956362526701,0.019804699420201376,0.019804699420201376,0.0
ijepa,official_legacy_cross_ijepa_huge,huge,630000000,8.799340549453582,1280,8,8,0.019926762282575526,0.013945682026243517,-0.005981080256332009,0.0142813548977723,0.0199267622825755,0.0399450717119316,0.00033567287152878357,0.020018309429356076,-0.019682636557827295
ijepa,official_legacy_cross_ijepa_huge,huge,630000000,8.799340549453582,1280,16,16,0.019926762282575526,0.018584070796460177,-0.0013426914861153494,0.0233140067134574,0.0199267622825755,0.0399450717119316,0.004729935916997222,0.020018309429356076,-0.015288373512358854
ijepa,official_legacy_cross_ijepa_huge,huge,630000000,8.799340549453582,1280,32,32,0.019926762282575526,0.02017088800732377,0.00024412572474824534,0.0306682941714983,0.0199267622825755,0.0399450717119316,0.010497406164174529,0.020018309429356076,-0.009520903265181548
ijepa,official_legacy_cross_ijepa_huge,huge,630000000,8.799340549453582,1280,64,64,0.019926762282575526,0.0209948123283491,0.0010680500457735734,0.0372902044552944,0.0199267622825755,0.0399450717119316,0.0162953921269453,0.020018309429356076,-0.003722917302410776
ijepa,official_legacy_cross_ijepa_huge,huge,630000000,8.799340549453582,1280,128,128,0.019926762282575526,0.02145254806225206,0.0015257857796765334,0.0406164174549893,0.0199267622825755,0.0399450717119316,0.01916386939273724,0.020018309429356076,-0.0008544400366188379
ijepa,official_legacy_cross_ijepa_huge,huge,630000000,8.799340549453582,1280,256,256,0.019926762282575526,0.02154409520903265,0.0016173329264571254,0.0439121147390906,0.0199267622825755,0.0399450717119316,0.022368019530057952,0.020018309429356076,0.0023497101007018753
ijepa,official_legacy_cross_ijepa_huge,huge,630000000,8.799340549453582,1280,512,512,0.019926762282575526,0.021605126640219713,0.0016783643576441867,0.0487335978028684,0.0199267622825755,0.0399450717119316,0.027128471162648687,0.020018309429356076,0.007110161733292611
ijepa,official_legacy_cross_ijepa_huge,huge,630000000,8.799340549453582,1280,1280,full,0.019926762282575526,0.019926762282575526,0.0,0.0399450717119316,0.0199267622825755,0.0399450717119316,0.020018309429356076,0.020018309429356076,0.0
ijepa,official_legacy_cross_ijepa_giant,giant,1000000000,9.0,1408,8,8,0.03320109856576137,0.02236801953005798,-0.010833079035703387,0.0213610009154714,0.0332010985657613,0.0561489166920964,-0.001007018614586578,0.022947818126335034,-0.023954836740921612
ijepa,official_legacy_cross_ijepa_giant,giant,1000000000,9.0,1408,16,16,0.03320109856576137,0.029813854134879463,-0.003387244430881904,0.0298443698504729,0.0332010985657613,0.0561489166920964,3.0515715593436993e-05,0.022947818126335034,-0.022917302410741597
ijepa,official_legacy_cross_ijepa_giant,giant,1000000000,9.0,1408,32,32,0.03320109856576137,0.031278608483368935,-0.001922490082392432,0.0415013732072017,0.0332010985657613,0.0561489166920964,0.010222764723832767,0.022947818126335034,-0.012725053402502268
ijepa,official_legacy_cross_ijepa_giant,giant,1000000000,9.0,1408,64,64,0.03320109856576137,0.03289594140982606,-0.0003051571559353067,0.0481843149221849,0.0332010985657613,0.0561489166920964,0.015288373512358837,0.022947818126335034,-0.007659444613976198
ijepa,official_legacy_cross_ijepa_giant,giant,1000000000,9.0,1408,128,128,0.03320109856576137,0.03338419285932255,0.000183094293561184,0.0541348794629234,0.0332010985657613,0.0561489166920964,0.020750686603600847,0.022947818126335034,-0.0021971315227341873
ijepa,official_legacy_cross_ijepa_giant,giant,1000000000,9.0,1408,256,256,0.03320109856576137,0.033597802868477265,0.0003967043027158987,0.0604211168751907,0.0332010985657613,0.0561489166920964,0.026823314006713436,0.022947818126335034,0.0038754958803784018
ijepa,official_legacy_cross_ijepa_giant,giant,1000000000,9.0,1408,512,512,0.03320109856576137,0.033567287152883735,0.000366188587122368,0.065273115654562,0.0332010985657613,0.0561489166920964,0.03170582850167826,0.022947818126335034,0.008758010375343225
ijepa,official_legacy_cross_ijepa_giant,giant,1000000000,9.0,1408,1408,full,0.03320109856576137,0.03320109856576137,0.0,0.0561489166920964,0.0332010985657613,0.0561489166920964,0.022947818126335034,0.022947818126335034,0.0
