model,representation,physical_variable,n_centres,field_stable_rank,field_entropy_rank,field_rank_95,field_rank_99,participation_ratio,ambient_dim,activation_eff_rank,min_eig,adjacent_similarity,mean_rotation_speed,median_transfer_length,survey,probe_alpha,mean_global_local_pearson,mean_local_pearson,mean_local_minus_global,frac_local_better,bootstrap_stability
vit_base,dense,photo_z,17,2.2284249633020865,12.862655411546784,14,17,10.081611214883356,768,5.442686624521665,0.19380076545006286,0.01784828023301611,8.450140031876597,,physics,1e-06,0.06602714341123112,0.04137763824118529,-0.024649505170045827,0.29411764705882354,
vit_base,dense,mag_r_desi,17,2.332032717392914,12.554061702262644,14,16,9.922663581745608,768,5.442686624521665,0.15184778060711707,0.04157177121766123,13.815469563797404,,physics,1000.0,0.07140524467336108,0.034804555944013715,-0.036600688729347367,0.17647058823529413,
vit_base,dense,smooth_fraction,17,2.4363414240129972,13.394539980062945,15,17,10.881561477514069,768,5.442686624521665,0.2138201369842788,0.12524552978623837,18.13600580624574,,physics,1e-06,0.02854073481574882,0.018914191181974755,-0.009626543633774062,0.47058823529411764,
vit_base,sae,photo_z,17,4.2919129205899615,15.324669945670056,16,17,13.950874021476348,2048,17.9235428606417,0.41731698564655617,-0.10190151041645179,9.021022039202938,,physics,1e-06,0.05627221412942106,0.019490430905959227,-0.03678178322346183,0.29411764705882354,0.9157449729309445
vit_base,sae,mag_r_desi,17,4.255098420020316,15.004236122337257,15,17,13.399216881687487,2048,17.9235428606417,0.37348661753456136,-0.0845975864406095,14.543246310291536,,physics,1e-06,0.045212176439236924,0.04787841873601445,0.002666242296777525,0.6470588235294118,0.9193228513139937
vit_base,sae,smooth_fraction,17,5.784618558816522,15.621348019788263,16,17,14.486576254506447,2048,17.9235428606417,0.43592622103853995,-0.01875449833136223,19.62305321076489,,physics,1000.0,0.025341829116104702,0.013533983586304846,-0.011807845529799858,0.4117647058823529,0.9128284090737228
vit_base,sae_sqrt_idf,photo_z,17,4.291920365141611,15.324671046107541,16,17,13.950875867459407,2048,20.129678136916304,0.4173171250640113,-0.1019017286584207,9.021022642648942,,physics,1e-06,0.056271983613150264,0.019490477603289036,-0.03678150600986123,0.29411764705882354,
vit_base,sae_sqrt_idf,mag_r_desi,17,4.255112308971384,15.004234746783474,15,17,13.39921560564099,2048,20.129678136916304,0.3734851547767471,-0.084598172631067,14.543251217224158,,physics,1e-06,0.04521218815215994,0.047878988902019755,0.002666800749859818,0.6470588235294118,
vit_base,sae_sqrt_idf,smooth_fraction,17,5.784629073122543,15.621347304414838,16,17,14.48657619433433,2048,20.129678136916304,0.4359267407406289,-0.018754164943488905,19.623049915544517,,physics,1000.0,0.025341880677995195,0.013534331345750782,-0.011807549332244415,0.4117647058823529,
dinov3,dense,photo_z,17,1.4215742090212866,10.480309179026255,14,17,6.815247620253936,768,3.9736015354050283,0.17748668212664143,0.1855244979227562,7.512478463263872,,physics,1e-06,0.07513821476200581,0.058698435786531666,-0.016439778975474148,0.29411764705882354,
dinov3,dense,mag_r_desi,17,1.7561419195377383,11.715429294229827,14,16,8.600003055728136,768,3.9736015354050283,0.1015934569406626,0.11117502487236705,13.459737877798014,,physics,1e-06,0.08465610928929493,0.055446461090398025,-0.02920964819889692,0.35294117647058826,
dinov3,dense,smooth_fraction,17,4.375250453443615,15.673496760640347,16,17,14.470788089683088,768,3.9736015354050283,0.4586457425106369,-0.0168965935896992,19.6173050918032,,physics,1000.0,0.05775164514520806,0.019626464679760966,-0.03812518046544709,0.23529411764705882,
dinov3,sae,photo_z,17,4.063729296840888,14.84207967340119,15,17,13.144676281774151,2048,13.91174701418059,0.338986168044107,-0.07291932386347721,8.860319725565706,,physics,100.0,0.057316082093331826,0.04798760409579834,-0.009328477997533492,0.4117647058823529,0.9119406594482544
dinov3,sae,mag_r_desi,17,4.115711163657821,15.126518230623466,16,17,13.562199200018291,2048,13.91174701418059,0.42168380874981565,-0.05498779299263355,14.310100577998785,,physics,1000.0,0.05759284702883364,0.03624739895967955,-0.021345448069154085,0.35294117647058826,0.9201743659315322
dinov3,sae,smooth_fraction,17,4.517079111613491,15.32948998903896,16,17,13.954913979240049,2048,13.91174701418059,0.41259426921675085,-0.008821127701214501,19.931200499487385,,physics,1000.0,0.03725437602327449,0.030223224152050573,-0.007031151871223919,0.5294117647058824,0.9178602380357854
dinov3,sae_sqrt_idf,photo_z,17,4.063727552323532,14.842083618614886,15,17,13.144683829629848,2048,16.040272528473388,0.33898582292270485,-0.07291980948380132,8.86032249865611,,physics,100.0,0.05731599280385505,0.04798798896273045,-0.009328003841124588,0.4117647058823529,
dinov3,sae_sqrt_idf,mag_r_desi,17,4.115713388649297,15.126513797072041,16,17,13.562192701525042,2048,16.040272528473388,0.4216857410055888,-0.054987156448340166,14.310096074268001,,physics,1000.0,0.057592796370590116,0.036247347535145205,-0.02134544883544491,0.35294117647058826,
dinov3,sae_sqrt_idf,smooth_fraction,17,4.517078311500532,15.32949173363734,16,17,13.95491653617902,2048,16.040272528473388,0.41259419571659384,-0.008821014482688197,19.931197650068775,,physics,1000.0,0.03725410212227874,0.030223284441976993,-0.007030817680301753,0.5294117647058824,
vit_large,dense,photo_z,17,1.7997642552977042,12.7598895706664,15,17,9.467602274740965,1024,5.561994734231539,0.2828435047047077,0.08849726360496185,8.048294572080673,,physics,1e-06,0.07959508928755293,0.049249752751447246,-0.030345336536105688,0.29411764705882354,
vit_large,dense,mag_r_desi,17,1.8946345049016653,12.776973808225351,14,16,9.75205036332083,1024,5.561994734231539,0.12824757399282286,0.06516849201636636,13.781523981989107,,physics,1000.0,0.07988350665004465,0.04719938162246799,-0.03268412502757667,0.29411764705882354,
vit_large,dense,smooth_fraction,17,2.2460192790048863,13.245031548602892,15,17,10.449102497708598,1024,5.561994734231539,0.2737397562560715,0.09650755307061891,18.35978540456167,,physics,1000.0,0.03486560250637219,0.043478522292583664,0.008612919786211473,0.4117647058823529,
vit_large,sae,photo_z,17,3.9775582335674913,14.974162227183514,16,17,13.349342641527452,2048,13.487960004124606,0.42675971962774456,-0.11533473511516591,9.1029800078352,,physics,1e-06,0.06793208633623878,0.02390939491035749,-0.04402269142588128,0.29411764705882354,0.9249147937742805
vit_large,sae,mag_r_desi,17,1.9252735555425093,11.625793737654522,14,17,8.460410162733378,2048,13.487960004124606,0.19884194766254568,-0.18954502172835824,14.498271827656492,,physics,1000.0,0.05629933978496583,0.012789692528091132,-0.0435096472568747,0.23529411764705882,0.6191816453776932
vit_large,sae,smooth_fraction,17,4.947457614719421,15.470419904678788,16,17,14.175470119092871,2048,13.487960004124606,0.46122166655833347,-0.007966925560705721,19.36351669536106,,physics,1000.0,0.0333985545525741,0.007875501920596415,-0.025523052631977686,0.4117647058823529,0.9223852685402327
vit_large,sae_sqrt_idf,photo_z,17,3.9775523148264815,14.974139309605533,16,17,13.34930459239279,2048,15.045422191754932,0.4267571726823115,-0.1153348939883787,9.10298070800024,,physics,1e-06,0.06793198352448587,0.023909329573204293,-0.044022653951281576,0.29411764705882354,
vit_large,sae_sqrt_idf,mag_r_desi,17,1.925279488802899,11.625935684417032,14,17,8.460566116477937,2048,15.045422191754932,0.1988419856234918,-0.18955002668688078,14.498322899343817,,physics,1000.0,0.056299310700038095,0.012788987842599072,-0.04351032285743902,0.23529411764705882,
vit_large,sae_sqrt_idf,smooth_fraction,17,4.947421668446375,15.470425361260038,16,17,14.17547569303911,2048,15.045422191754932,0.46122429138879467,-0.007967098750587914,19.363523196471682,,physics,1000.0,0.03339861145561068,0.007875570631770416,-0.025523040823840257,0.4117647058823529,
clip_base,dense,photo_z,17,1.4484545692885156,10.774673994307571,13,16,7.152587459941894,512,3.9400482058094153,0.13768114994737604,0.17754117687386894,7.618490873466172,,physics,1e-06,0.07050150111351215,0.04688654385754686,-0.02361495725596529,0.23529411764705882,
clip_base,dense,mag_r_desi,17,1.7392307089334331,11.212459036148854,13,16,8.060398703700564,512,3.9400482058094153,0.1248752939298371,0.1440845421978777,13.183165408189527,,physics,1000.0,0.06494226645246161,0.04613749925037308,-0.01880476720208854,0.4117647058823529,
clip_base,dense,smooth_fraction,17,2.045557030221394,12.24980049461462,14,16,9.337734636338432,512,3.9400482058094153,0.11666709230955781,0.1735438227380121,17.57661962611077,,physics,1000.0,0.03749486474203596,0.03717639583526483,-0.00031846890677112864,0.5294117647058824,
clip_base,sae,photo_z,17,4.297103097154685,15.329722781783014,16,17,13.946791533407517,2048,12.16304047617413,0.41147533862898095,-0.06570914232400366,8.859601852464202,,physics,1e-06,0.053879397010129816,0.028756525241827306,-0.02512287176830251,0.29411764705882354,0.9254358167814728
clip_base,sae,mag_r_desi,17,3.507875273582259,15.01807011392169,15,17,13.314916804081468,2048,12.16304047617413,0.36523066072863797,-0.04096086890603991,14.257016621902652,,physics,1000.0,0.0636650619437934,0.03346648849481227,-0.030198573448981143,0.23529411764705882,0.9288692375555331
clip_base,sae,smooth_fraction,17,5.797474617025683,15.84679677645461,16,17,14.852248881003437,2048,12.16304047617413,0.45172981491589126,0.013020649160724235,19.04081019006889,,physics,1000.0,0.04029224482733637,0.03562122693805544,-0.004671017889280943,0.4117647058823529,0.9249050737883474
clip_base,sae_sqrt_idf,photo_z,17,4.297096760331597,15.329715736009986,16,17,13.946780046004617,2048,13.81478964446412,0.4114750605403049,-0.06570954689808689,8.859604140391777,,physics,1e-06,0.05387945211053319,0.02875629287677969,-0.025123159233753502,0.29411764705882354,
clip_base,sae_sqrt_idf,mag_r_desi,17,3.507880099608529,15.018064977144617,15,17,13.314910189748318,2048,13.81478964446412,0.365231540905941,-0.04096223913187749,14.257028422145407,,physics,1000.0,0.06366542441948743,0.03346584676557772,-0.03019957765390971,0.23529411764705882,
clip_base,sae_sqrt_idf,smooth_fraction,17,5.797435123147342,15.846785167955424,16,17,14.852228625400432,2048,13.81478964446412,0.45172726956090326,0.013020840325350986,19.04080881782257,,physics,1000.0,0.040292250311361875,0.035621771720152004,-0.0046704785912098715,0.4117647058823529,
