family,model,size_name,parameter_count,log10_params,input_dim,output_dim,rank,rank_label,mknn,dense_raw,dense_ridge,pca_minus_dense_ridge,train_mse,test_mse,train_mse_full_ridge,test_mse_full_ridge
astropt,official_legacy_cross_astropt_15m,15m,15000000,7.176091259055681,384,384,8,8,0.015227342081171805,0.017485505035093073,0.03201098565761367,-0.016783643576441867,0.4400731325149536,0.4446464478969574,0.014659810811281204,0.015794796869158745
astropt,official_legacy_cross_astropt_15m,15m,15000000,7.176091259055681,384,384,16,16,0.02050656087885261,0.017485505035093073,0.03201098565761367,-0.011504424778761062,0.24919280409812927,0.25297823548316956,0.014659810811281204,0.015794796869158745
astropt,official_legacy_cross_astropt_15m,15m,15000000,7.176091259055681,384,384,32,32,0.02334452242905096,0.017485505035093073,0.03201098565761367,-0.00866646322856271,0.1399824172258377,0.1424071192741394,0.014659810811281204,0.015794796869158745
astropt,official_legacy_cross_astropt_15m,15m,15000000,7.176091259055681,384,384,64,64,0.027891364052487034,0.017485505035093073,0.03201098565761367,-0.004119621605126637,0.07822863012552261,0.08002066612243652,0.014659810811281204,0.015794796869158745
astropt,official_legacy_cross_astropt_15m,15m,15000000,7.176091259055681,384,384,128,128,0.0351235886481538,0.017485505035093073,0.03201098565761367,0.003112602990540128,0.04284588620066643,0.04439299553632736,0.014659810811281204,0.015794796869158745
astropt,official_legacy_cross_astropt_15m,15m,15000000,7.176091259055681,384,384,256,256,0.04171498321635642,0.017485505035093073,0.03201098565761367,0.009703997558742752,0.022128930315375328,0.02340610697865486,0.014659810811281204,0.015794796869158745
astropt,official_legacy_cross_astropt_15m,15m,15000000,7.176091259055681,384,384,384,full,0.03201098565761367,0.017485505035093073,0.03201098565761367,0.0,0.014659810811281204,0.015794796869158745,0.014659810811281204,0.015794796869158745
astropt,official_legacy_cross_astropt_95m,95m,95000000,7.977723605288848,768,768,8,8,0.020720170888007323,0.02187976808056149,0.048245346353371986,-0.027525175465364662,5.360959529876709,5.3818159103393555,0.08613323420286179,0.09970065206289291
astropt,official_legacy_cross_astropt_95m,95m,95000000,7.977723605288848,768,768,16,16,0.027097955447055233,0.02187976808056149,0.048245346353371986,-0.021147390906316753,2.9927825927734375,3.004538059234619,0.08613323420286179,0.09970065206289291
astropt,official_legacy_cross_astropt_95m,95m,95000000,7.977723605288848,768,768,32,32,0.032621299969484284,0.02187976808056149,0.048245346353371986,-0.015624046383887702,1.6829102039337158,1.6925842761993408,0.08613323420286179,0.09970065206289291
astropt,official_legacy_cross_astropt_95m,95m,95000000,7.977723605288848,768,768,64,64,0.039456820262435154,0.02187976808056149,0.048245346353371986,-0.008788526090936832,0.9245617389678955,0.9376819133758545,0.08613323420286179,0.09970065206289291
astropt,official_legacy_cross_astropt_95m,95m,95000000,7.977723605288848,768,768,128,128,0.04946597497711321,0.02187976808056149,0.048245346353371986,0.0012206286237412267,0.5048022866249084,0.5199178457260132,0.08613323420286179,0.09970065206289291
astropt,official_legacy_cross_astropt_95m,95m,95000000,7.977723605288848,768,768,256,256,0.056393042416844674,0.02187976808056149,0.048245346353371986,0.008147696063472688,0.2658240497112274,0.2802327275276184,0.08613323420286179,0.09970065206289291
astropt,official_legacy_cross_astropt_95m,95m,95000000,7.977723605288848,768,768,512,512,0.06496795849862678,0.02187976808056149,0.048245346353371986,0.0167226121452548,0.13227848708629608,0.14630241692066193,0.08613323420286179,0.09970065206289291
astropt,official_legacy_cross_astropt_95m,95m,95000000,7.977723605288848,768,768,768,full,0.048245346353371986,0.02187976808056149,0.048245346353371986,0.0,0.08613323420286179,0.09970065206289291,0.08613323420286179,0.09970065206289291
astropt,official_legacy_cross_astropt_850m,850m,850000000,8.929418925714293,2048,2048,8,8,0.02096429661275557,0.026212999694842844,0.050167836435764425,-0.029203539823008856,27.603483200073242,27.66469383239746,0.1556098908185959,0.2233935445547104
astropt,official_legacy_cross_astropt_850m,850m,850000000,8.929418925714293,2048,2048,16,16,0.031064998474214223,0.026212999694842844,0.050167836435764425,-0.0191028379615502,15.771452903747559,15.797576904296875,0.1556098908185959,0.2233935445547104
astropt,official_legacy_cross_astropt_850m,850m,850000000,8.929418925714293,2048,2048,32,32,0.03664937442783033,0.026212999694842844,0.050167836435764425,-0.013518462007934093,8.831388473510742,8.912942886352539,0.1556098908185959,0.2233935445547104
astropt,official_legacy_cross_astropt_850m,850m,850000000,8.929418925714293,2048,2048,64,64,0.045041196216051266,0.026212999694842844,0.050167836435764425,-0.005126640219713159,4.797391891479492,4.864814281463623,0.1556098908185959,0.2233935445547104
astropt,official_legacy_cross_astropt_850m,850m,850000000,8.929418925714293,2048,2048,128,128,0.05315837656393042,0.026212999694842844,0.050167836435764425,0.0029905401281659985,2.6176891326904297,2.68133807182312,0.1556098908185959,0.2233935445547104
astropt,official_legacy_cross_astropt_850m,850m,850000000,8.929418925714293,2048,2048,256,256,0.06325907842538907,0.026212999694842844,0.050167836435764425,0.013091241989624643,1.3907965421676636,1.460847020149231,0.1556098908185959,0.2233935445547104
astropt,official_legacy_cross_astropt_850m,850m,850000000,8.929418925714293,2048,2048,512,512,0.06927067439731462,0.026212999694842844,0.050167836435764425,0.01910283796155019,0.7063596248626709,0.7792816758155823,0.1556098908185959,0.2233935445547104
astropt,official_legacy_cross_astropt_850m,850m,850000000,8.929418925714293,2048,2048,2048,full,0.050167836435764425,0.026212999694842844,0.050167836435764425,0.0,0.1556098908185959,0.2233935445547104,0.1556098908185959,0.2233935445547104
convnext,official_legacy_cross_convnext_nano,nano,15000000,7.176091259055681,640,640,8,8,0.012786084833689352,0.017973756484589563,0.04110466890448581,-0.02831858407079646,15.703300476074219,15.759588241577148,0.25093477964401245,0.28722766041755676
convnext,official_legacy_cross_convnext_nano,nano,15000000,7.176091259055681,640,640,16,16,0.02154409520903265,0.017973756484589563,0.04110466890448581,-0.019560573695453158,8.963174819946289,9.044118881225586,0.25093477964401245,0.28722766041755676
convnext,official_legacy_cross_convnext_nano,nano,15000000,7.176091259055681,640,640,32,32,0.028166005492828806,0.017973756484589563,0.04110466890448581,-0.012938663411657003,4.992176532745361,5.0508246421813965,0.25093477964401245,0.28722766041755676
convnext,official_legacy_cross_convnext_nano,nano,15000000,7.176091259055681,640,640,64,64,0.033994507171193164,0.017973756484589563,0.04110466890448581,-0.007110161733292646,2.6469013690948486,2.684312343597412,0.25093477964401245,0.28722766041755676
convnext,official_legacy_cross_convnext_nano,nano,15000000,7.176091259055681,640,640,128,128,0.04168446750076289,0.017973756484589563,0.04110466890448581,0.0005797985962770827,1.3433537483215332,1.3876324892044067,0.25093477964401245,0.28722766041755676
convnext,official_legacy_cross_convnext_nano,nano,15000000,7.176091259055681,640,640,256,256,0.04510222764723833,0.017973756484589563,0.04110466890448581,0.0039975587427525175,0.6635246276855469,0.7054069638252258,0.25093477964401245,0.28722766041755676
convnext,official_legacy_cross_convnext_nano,nano,15000000,7.176091259055681,640,640,512,512,0.04974061641745499,0.017973756484589563,0.04110466890448581,0.008635947512969179,0.31942886114120483,0.3566274046897888,0.25093477964401245,0.28722766041755676
convnext,official_legacy_cross_convnext_nano,nano,15000000,7.176091259055681,640,640,640,full,0.04110466890448581,0.017973756484589563,0.04110466890448581,0.0,0.25093477964401245,0.28722766041755676,0.25093477964401245,0.28722766041755676
convnext,official_legacy_cross_convnext_tiny,tiny,28000000,7.447158031342219,768,768,8,8,0.014281354897772353,0.018462007934086054,0.04211168751907232,-0.02783033262129997,31.877126693725586,31.939586639404297,0.381030410528183,0.44822171330451965
convnext,official_legacy_cross_convnext_tiny,tiny,28000000,7.447158031342219,768,768,16,16,0.019438510833079035,0.018462007934086054,0.04211168751907232,-0.022673176685993286,17.679672241210938,17.8116397857666,0.381030410528183,0.44822171330451965
convnext,official_legacy_cross_convnext_tiny,tiny,28000000,7.447158031342219,768,768,32,32,0.028410131217577052,0.018462007934086054,0.04211168751907232,-0.01370155630149527,9.588736534118652,9.697187423706055,0.381030410528183,0.44822171330451965
convnext,official_legacy_cross_convnext_tiny,tiny,28000000,7.447158031342219,768,768,64,64,0.03378089716203845,0.018462007934086054,0.04211168751907232,-0.008330790357033872,5.012983798980713,5.119731426239014,0.381030410528183,0.44822171330451965
convnext,official_legacy_cross_convnext_tiny,tiny,28000000,7.447158031342219,768,768,128,128,0.042325297528227036,0.018462007934086054,0.04211168751907232,0.00021361000915471468,2.524333953857422,2.599731922149658,0.381030410528183,0.44822171330451965
convnext,official_legacy_cross_convnext_tiny,tiny,28000000,7.447158031342219,768,768,256,256,0.04888617638083613,0.018462007934086054,0.04211168751907232,0.006774488861763808,1.2333627939224243,1.3055074214935303,0.381030410528183,0.44822171330451965
convnext,official_legacy_cross_convnext_tiny,tiny,28000000,7.447158031342219,768,768,512,512,0.0530363137015563,0.018462007934086054,0.04211168751907232,0.010924626182483979,0.5926206111907959,0.6607407331466675,0.381030410528183,0.44822171330451965
convnext,official_legacy_cross_convnext_tiny,tiny,28000000,7.447158031342219,768,768,768,full,0.04211168751907232,0.018462007934086054,0.04211168751907232,0.0,0.381030410528183,0.44822171330451965,0.381030410528183,0.44822171330451965
convnext,official_legacy_cross_convnext_base,base,89000000,7.949390006644912,1024,1024,8,8,0.01415929203539823,0.019743667989014342,0.045437900518767164,-0.031278608483368935,54.841434478759766,54.772335052490234,0.5094641447067261,0.6293640732765198
convnext,official_legacy_cross_convnext_base,base,89000000,7.949390006644912,1024,1024,16,16,0.022703692401586817,0.019743667989014342,0.045437900518767164,-0.022734208117180348,31.523653030395508,31.674509048461914,0.5094641447067261,0.6293640732765198
convnext,official_legacy_cross_convnext_base,base,89000000,7.949390006644912,1024,1024,32,32,0.03063777845590479,0.019743667989014342,0.045437900518767164,-0.014800122062862374,17.034757614135742,17.210025787353516,0.5094641447067261,0.6293640732765198
convnext,official_legacy_cross_convnext_base,base,89000000,7.949390006644912,1024,1024,64,64,0.03652731156545621,0.019743667989014342,0.045437900518767164,-0.008910588953310955,8.97836971282959,9.11094856262207,0.5094641447067261,0.6293640732765198
convnext,official_legacy_cross_convnext_base,base,89000000,7.949390006644912,1024,1024,128,128,0.04342386328959414,0.019743667989014342,0.045437900518767164,-0.002014037229173024,4.570586681365967,4.675355911254883,0.5094641447067261,0.6293640732765198
convnext,official_legacy_cross_convnext_base,base,89000000,7.949390006644912,1024,1024,256,256,0.04858101922490082,0.019743667989014342,0.045437900518767164,0.003143118706133659,2.2631099224090576,2.381218433380127,0.5094641447067261,0.6293640732765198
convnext,official_legacy_cross_convnext_base,base,89000000,7.949390006644912,1024,1024,512,512,0.053646628013426914,0.019743667989014342,0.045437900518767164,0.00820872749465975,1.0884569883346558,1.2121844291687012,0.5094641447067261,0.6293640732765198
convnext,official_legacy_cross_convnext_base,base,89000000,7.949390006644912,1024,1024,1024,full,0.045437900518767164,0.019743667989014342,0.045437900518767164,0.0,0.5094641447067261,0.6293640732765198,0.5094641447067261,0.6293640732765198
convnext,official_legacy_cross_convnext_large,large,198000000,8.296665190261532,1536,1536,8,8,0.01415929203539823,0.02108635947512969,0.047238327738785474,-0.033079035703387244,74.42416381835938,74.08336639404297,0.43261805176734924,0.5827473998069763
convnext,official_legacy_cross_convnext_large,large,198000000,8.296665190261532,1536,1536,16,16,0.022764723832773878,0.02108635947512969,0.047238327738785474,-0.024473603906011596,41.254005432128906,41.42912673950195,0.43261805176734924,0.5827473998069763
convnext,official_legacy_cross_convnext_large,large,198000000,8.296665190261532,1536,1536,32,32,0.03011901129081477,0.02108635947512969,0.047238327738785474,-0.017119316447970705,22.477115631103516,22.53448486328125,0.43261805176734924,0.5827473998069763
convnext,official_legacy_cross_convnext_large,large,198000000,8.296665190261532,1536,1536,64,64,0.035825450106805004,0.02108635947512969,0.047238327738785474,-0.01141287763198047,11.779133796691895,11.873640060424805,0.43261805176734924,0.5827473998069763
convnext,official_legacy_cross_convnext_large,large,198000000,8.296665190261532,1536,1536,128,128,0.042233750381446444,0.02108635947512969,0.047238327738785474,-0.0050045773573390295,6.065188884735107,6.177465438842773,0.43261805176734924,0.5827473998069763
convnext,official_legacy_cross_convnext_large,large,198000000,8.296665190261532,1536,1536,256,256,0.050045773573390295,0.02108635947512969,0.047238327738785474,0.0028074458346048214,3.015031099319458,3.156501293182373,0.43261805176734924,0.5827473998069763
convnext,official_legacy_cross_convnext_large,large,198000000,8.296665190261532,1536,1536,512,512,0.05672871528837351,0.02108635947512969,0.047238327738785474,0.009490387549588038,1.462875247001648,1.5989227294921875,0.43261805176734924,0.5827473998069763
convnext,official_legacy_cross_convnext_large,large,198000000,8.296665190261532,1536,1536,1536,full,0.047238327738785474,0.02108635947512969,0.047238327738785474,0.0,0.43261805176734924,0.5827473998069763,0.43261805176734924,0.5827473998069763
dinov2,official_legacy_cross_dino_small,small,22000000,7.342422680822207,384,384,8,8,0.018065303631370155,0.022886786695148,0.034543790051876716,-0.01647848642050656,3.853339910507202,3.9096200466156006,0.12587444484233856,0.13727813959121704
dinov2,official_legacy_cross_dino_small,small,22000000,7.342422680822207,384,384,16,16,0.024809276777540433,0.022886786695148,0.034543790051876716,-0.009734513274336283,2.3922529220581055,2.416334390640259,0.12587444484233856,0.13727813959121704
dinov2,official_legacy_cross_dino_small,small,22000000,7.342422680822207,384,384,32,32,0.03289594140982606,0.022886786695148,0.034543790051876716,-0.001647848642050656,1.3538166284561157,1.3709850311279297,0.12587444484233856,0.13727813959121704
dinov2,official_legacy_cross_dino_small,small,22000000,7.342422680822207,384,384,64,64,0.03918217882209338,0.022886786695148,0.034543790051876716,0.0046383887702166615,0.7340614199638367,0.7505237460136414,0.12587444484233856,0.13727813959121704
dinov2,official_legacy_cross_dino_small,small,22000000,7.342422680822207,384,384,128,128,0.043637473298748855,0.022886786695148,0.034543790051876716,0.009093683246872139,0.3814990222454071,0.395746111869812,0.12587444484233856,0.13727813959121704
dinov2,official_legacy_cross_dino_small,small,22000000,7.342422680822207,384,384,256,256,0.046322856270979554,0.022886786695148,0.034543790051876716,0.011779066219102838,0.19147373735904694,0.2036632001399994,0.12587444484233856,0.13727813959121704
dinov2,official_legacy_cross_dino_small,small,22000000,7.342422680822207,384,384,384,full,0.034543790051876716,0.022886786695148,0.034543790051876716,0.0,0.12587444484233856,0.13727813959121704,0.12587444484233856,0.13727813959121704
dinov2,official_legacy_cross_dino_base,base,86000000,7.9344984512435675,768,768,8,8,0.014464449191333537,0.019530057979859627,0.03286542569423253,-0.018400976502898993,3.3061535358428955,3.3277573585510254,0.05082308128476143,0.05899922922253609
dinov2,official_legacy_cross_dino_base,base,86000000,7.9344984512435675,768,768,16,16,0.021147390906316753,0.019530057979859627,0.03286542569423253,-0.011718034787915776,1.9769569635391235,1.9873642921447754,0.05082308128476143,0.05899922922253609
dinov2,official_legacy_cross_dino_base,base,86000000,7.9344984512435675,768,768,32,32,0.028227036924015868,0.019530057979859627,0.03286542569423253,-0.0046383887702166615,1.1065609455108643,1.1146070957183838,0.05082308128476143,0.05899922922253609
dinov2,official_legacy_cross_dino_base,base,86000000,7.9344984512435675,768,768,64,64,0.03436069575831553,0.019530057979859627,0.03286542569423253,0.0014952700640830027,0.5959710478782654,0.602765679359436,0.05082308128476143,0.05899922922253609
dinov2,official_legacy_cross_dino_base,base,86000000,7.9344984512435675,768,768,128,128,0.03915166310649985,0.019530057979859627,0.03286542569423253,0.006286237412267318,0.31181663274765015,0.31882748007774353,0.05082308128476143,0.05899922922253609
dinov2,official_legacy_cross_dino_base,base,86000000,7.9344984512435675,768,768,256,256,0.041806530363137015,0.019530057979859627,0.03286542569423253,0.008941104668904486,0.15863975882530212,0.16633333265781403,0.05082308128476143,0.05899922922253609
dinov2,official_legacy_cross_dino_base,base,86000000,7.9344984512435675,768,768,512,512,0.044949649069270674,0.019530057979859627,0.03286542569423253,0.012084223375038144,0.07833678275346756,0.08650778234004974,0.05082308128476143,0.05899922922253609
dinov2,official_legacy_cross_dino_base,base,86000000,7.9344984512435675,768,768,768,full,0.03286542569423253,0.019530057979859627,0.03286542569423253,0.0,0.05082308128476143,0.05899922922253609,0.05082308128476143,0.05899922922253609
dinov2,official_legacy_cross_dino_large,large,300000000,8.477121254719663,1024,1024,8,8,0.0164174549893195,0.022245956667683857,0.03756484589563625,-0.021147390906316753,2.9439759254455566,2.9317893981933594,0.03045310452580452,0.03710823133587837
dinov2,official_legacy_cross_dino_large,large,300000000,8.477121254719663,1024,1024,16,16,0.024382056759231004,0.022245956667683857,0.03756484589563625,-0.013182789136405249,1.7036961317062378,1.6904480457305908,0.03045310452580452,0.03710823133587837
dinov2,official_legacy_cross_dino_large,large,300000000,8.477121254719663,1024,1024,32,32,0.031339639914555996,0.022245956667683857,0.03756484589563625,-0.006225205981080256,0.9400529265403748,0.9371386170387268,0.03045310452580452,0.03710823133587837
dinov2,official_legacy_cross_dino_large,large,300000000,8.477121254719663,1024,1024,64,64,0.03918217882209338,0.022245956667683857,0.03756484589563625,0.0016173329264571254,0.49920517206192017,0.5003249049186707,0.03045310452580452,0.03710823133587837
dinov2,official_legacy_cross_dino_large,large,300000000,8.477121254719663,1024,1024,128,128,0.04256942325297528,0.022245956667683857,0.03756484589563625,0.0050045773573390295,0.25868144631385803,0.26358741521835327,0.03045310452580452,0.03710823133587837
dinov2,official_legacy_cross_dino_large,large,300000000,8.477121254719663,1024,1024,256,256,0.046902654867256637,0.022245956667683857,0.03756484589563625,0.009337808971620384,0.13056038320064545,0.13678346574306488,0.03045310452580452,0.03710823133587837
dinov2,official_legacy_cross_dino_large,large,300000000,8.477121254719663,1024,1024,512,512,0.0484589563625267,0.022245956667683857,0.03756484589563625,0.010894110466890448,0.06410524994134903,0.07061837613582611,0.03045310452580452,0.03710823133587837
dinov2,official_legacy_cross_dino_large,large,300000000,8.477121254719663,1024,1024,1024,full,0.03756484589563625,0.022245956667683857,0.03756484589563625,0.0,0.03045310452580452,0.03710823133587837,0.03045310452580452,0.03710823133587837
dinov2,official_legacy_cross_dino_giant,giant,1100000000,9.041392685158225,1536,1536,8,8,0.016814159292035398,0.022123893805309734,0.038999084528532194,-0.022184925236496796,8.559094429016113,8.763014793395996,0.05321749672293663,0.07475139945745468
dinov2,official_legacy_cross_dino_giant,giant,1100000000,9.041392685158225,1536,1536,16,16,0.025724748245346353,0.022123893805309734,0.038999084528532194,-0.01327433628318584,4.973459243774414,5.087888240814209,0.05321749672293663,0.07475139945745468
dinov2,official_legacy_cross_dino_giant,giant,1100000000,9.041392685158225,1536,1536,32,32,0.034025022886786695,0.022123893805309734,0.038999084528532194,-0.004974061641745499,2.7370424270629883,2.8003766536712646,0.05321749672293663,0.07475139945745468
dinov2,official_legacy_cross_dino_giant,giant,1100000000,9.041392685158225,1536,1536,64,64,0.040494354592615196,0.022123893805309734,0.038999084528532194,0.0014952700640830027,1.435362696647644,1.476841688156128,0.05321749672293663,0.07475139945745468
dinov2,official_legacy_cross_dino_giant,giant,1100000000,9.041392685158225,1536,1536,128,128,0.045956667683857186,0.022123893805309734,0.038999084528532194,0.006957583155324992,0.7388784289360046,0.7692909836769104,0.05321749672293663,0.07475139945745468
dinov2,official_legacy_cross_dino_giant,giant,1100000000,9.041392685158225,1536,1536,256,256,0.05041196216051267,0.022123893805309734,0.038999084528532194,0.011412877631980477,0.36946988105773926,0.3942410945892334,0.05321749672293663,0.07475139945745468
dinov2,official_legacy_cross_dino_giant,giant,1100000000,9.041392685158225,1536,1536,512,512,0.05355508086664632,0.022123893805309734,0.038999084528532194,0.014555996338114129,0.1799769252538681,0.20281526446342468,0.05321749672293663,0.07475139945745468
dinov2,official_legacy_cross_dino_giant,giant,1100000000,9.041392685158225,1536,1536,1536,full,0.038999084528532194,0.022123893805309734,0.038999084528532194,0.0,0.05321749672293663,0.07475139945745468,0.05321749672293663,0.07475139945745468
vit,official_legacy_cross_vit_base,base,86000000,7.9344984512435675,768,768,8,8,0.010375343301800427,0.015257857796765334,0.02688434543790052,-0.01650900213610009,0.17926114797592163,0.1783556193113327,0.002600919920951128,0.0030116511043161154
vit,official_legacy_cross_vit_base,base,86000000,7.9344984512435675,768,768,16,16,0.017912725053402502,0.015257857796765334,0.02688434543790052,-0.008971620384498016,0.10440389066934586,0.10451890528202057,0.002600919920951128,0.0030116511043161154
vit,official_legacy_cross_vit_base,base,86000000,7.9344984512435675,768,768,32,32,0.02380225816295392,0.015257857796765334,0.02688434543790052,-0.0030820872749465975,0.05795815587043762,0.05807953700423241,0.002600919920951128,0.0030116511043161154
vit,official_legacy_cross_vit_base,base,86000000,7.9344984512435675,768,768,64,64,0.02883735123588648,0.015257857796765334,0.02688434543790052,0.0019530057979859627,0.030828366056084633,0.03108045645058155,0.002600919920951128,0.0030116511043161154
vit,official_legacy_cross_vit_base,base,86000000,7.9344984512435675,768,768,128,128,0.031339639914555996,0.015257857796765334,0.02688434543790052,0.0044552944766554775,0.016000909730792046,0.016312435269355774,0.002600919920951128,0.0030116511043161154
vit,official_legacy_cross_vit_base,base,86000000,7.9344984512435675,768,768,256,256,0.03387244430881904,0.015257857796765334,0.02688434543790052,0.006988098870918523,0.008128196001052856,0.008487386628985405,0.002600919920951128,0.0030116511043161154
vit,official_legacy_cross_vit_base,base,86000000,7.9344984512435675,768,768,512,512,0.03619163869392737,0.015257857796765334,0.02688434543790052,0.009307293256026854,0.00400815112516284,0.004404907114803791,0.002600919920951128,0.0030116511043161154
vit,official_legacy_cross_vit_base,base,86000000,7.9344984512435675,768,768,768,full,0.02688434543790052,0.015257857796765334,0.02688434543790052,0.0,0.002600919920951128,0.0030116511043161154,0.002600919920951128,0.0030116511043161154
vit,official_legacy_cross_vit_large,large,307000000,8.487138375477187,1024,1024,8,8,0.01827891364052487,0.024412572474824534,0.04534635337198657,-0.027067439731461702,0.1135118305683136,0.11370712518692017,0.0019379599252715707,0.002328562783077359
vit,official_legacy_cross_vit_large,large,307000000,8.487138375477187,1024,1024,16,16,0.02468721391516631,0.024412572474824534,0.04534635337198657,-0.020659139456820262,0.07419402152299881,0.07490704953670502,0.0019379599252715707,0.002328562783077359
vit,official_legacy_cross_vit_large,large,307000000,8.487138375477187,1024,1024,32,32,0.03326212999694843,0.024412572474824534,0.04534635337198657,-0.012084223375038144,0.04532968997955322,0.04570459574460983,0.0019379599252715707,0.002328562783077359
vit,official_legacy_cross_vit_large,large,307000000,8.487138375477187,1024,1024,64,64,0.04284406469331706,0.024412572474824534,0.04534635337198657,-0.0025022886786695148,0.02605324238538742,0.026300892233848572,0.0019379599252715707,0.002328562783077359
vit,official_legacy_cross_vit_large,large,307000000,8.487138375477187,1024,1024,128,128,0.048214830637778455,0.024412572474824534,0.04534635337198657,0.0028684772657918828,0.014406519010663033,0.014692801982164383,0.0019379599252715707,0.002328562783077359
vit,official_legacy_cross_vit_large,large,307000000,8.487138375477187,1024,1024,256,256,0.053829722306988105,0.024412572474824534,0.04534635337198657,0.008483368935001533,0.007706672418862581,0.008041911758482456,0.0019379599252715707,0.002328562783077359
vit,official_legacy_cross_vit_large,large,307000000,8.487138375477187,1024,1024,512,512,0.05932255111382362,0.024412572474824534,0.04534635337198657,0.013976197741837046,0.003973556216806173,0.004336872603744268,0.0019379599252715707,0.002328562783077359
vit,official_legacy_cross_vit_large,large,307000000,8.487138375477187,1024,1024,1024,full,0.04534635337198657,0.024412572474824534,0.04534635337198657,0.0,0.0019379599252715707,0.002328562783077359,0.0019379599252715707,0.002328562783077359
vit,official_legacy_cross_vit_huge,huge,632000000,8.800717078282386,1280,1280,8,8,0.01959108941104669,0.02609093683246872,0.045895636252670124,-0.026304546841623436,0.005916289985179901,0.005971125327050686,5.8551449910737574e-05,7.263840961968526e-05
vit,official_legacy_cross_vit_huge,huge,632000000,8.800717078282386,1280,1280,16,16,0.028074458346048214,0.02609093683246872,0.045895636252670124,-0.01782117790662191,0.0035076637286692858,0.003551724599674344,5.8551449910737574e-05,7.263840961968526e-05
vit,official_legacy_cross_vit_huge,huge,632000000,8.800717078282386,1280,1280,32,32,0.03796155019835215,0.02609093683246872,0.045895636252670124,-0.007934086054317974,0.001986154355108738,0.0020008820574730635,5.8551449910737574e-05,7.263840961968526e-05
vit,official_legacy_cross_vit_huge,huge,632000000,8.800717078282386,1280,1280,64,64,0.045407384803173634,0.02609093683246872,0.045895636252670124,-0.0004882514494964907,0.0010854165302589536,0.0011017522774636745,5.8551449910737574e-05,7.263840961968526e-05
vit,official_legacy_cross_vit_huge,huge,632000000,8.800717078282386,1280,1280,128,128,0.054989319499542264,0.02609093683246872,0.045895636252670124,0.009093683246872139,0.0005758607876487076,0.0005896584480069578,5.8551449910737574e-05,7.263840961968526e-05
vit,official_legacy_cross_vit_huge,huge,632000000,8.800717078282386,1280,1280,256,256,0.06112297833384193,0.02609093683246872,0.045895636252670124,0.015227342081171803,0.0003003266465384513,0.00031260563991963863,5.8551449910737574e-05,7.263840961968526e-05
vit,official_legacy_cross_vit_huge,huge,632000000,8.800717078282386,1280,1280,512,512,0.06704302715898688,0.02609093683246872,0.045895636252670124,0.02114739090631676,0.00015278972568921745,0.00016561569646000862,5.8551449910737574e-05,7.263840961968526e-05
vit,official_legacy_cross_vit_huge,huge,632000000,8.800717078282386,1280,1280,1280,full,0.045895636252670124,0.02609093683246872,0.045895636252670124,0.0,5.8551449910737574e-05,7.263840961968526e-05,5.8551449910737574e-05,7.263840961968526e-05
ijepa,official_legacy_cross_ijepa_huge,huge,630000000,8.799340549453582,1280,1280,8,8,0.014281354897772353,0.019926762282575526,0.039945071711931644,-0.02566371681415929,3.8417630195617676,3.9180634021759033,0.019562317058444023,0.02523391880095005
ijepa,official_legacy_cross_ijepa_huge,huge,630000000,8.799340549453582,1280,1280,16,16,0.02331400671345743,0.019926762282575526,0.039945071711931644,-0.016631064998474214,1.9816471338272095,2.0346455574035645,0.019562317058444023,0.02523391880095005
ijepa,official_legacy_cross_ijepa_huge,huge,630000000,8.799340549453582,1280,1280,32,32,0.03066829417149832,0.019926762282575526,0.039945071711931644,-0.009276777540433323,0.995747983455658,1.0253065824508667,0.019562317058444023,0.02523391880095005
ijepa,official_legacy_cross_ijepa_huge,huge,630000000,8.799340549453582,1280,1280,64,64,0.037290204455294476,0.019926762282575526,0.039945071711931644,-0.002654867256637168,0.4895990192890167,0.5044474005699158,0.019562317058444023,0.02523391880095005
ijepa,official_legacy_cross_ijepa_huge,huge,630000000,8.799340549453582,1280,1280,128,128,0.04061641745498932,0.019926762282575526,0.039945071711931644,0.0006713457430576747,0.23673707246780396,0.24863360822200775,0.019562317058444023,0.02523391880095005
ijepa,official_legacy_cross_ijepa_huge,huge,630000000,8.799340549453582,1280,1280,256,256,0.04391211473909063,0.019926762282575526,0.039945071711931644,0.003967043027158987,0.11459140479564667,0.1227775439620018,0.019562317058444023,0.02523391880095005
ijepa,official_legacy_cross_ijepa_huge,huge,630000000,8.799340549453582,1280,1280,512,512,0.04873359780286848,0.019926762282575526,0.039945071711931644,0.008788526090936832,0.05448102205991745,0.06086844205856323,0.019562317058444023,0.02523391880095005
ijepa,official_legacy_cross_ijepa_huge,huge,630000000,8.799340549453582,1280,1280,1280,full,0.039945071711931644,0.019926762282575526,0.039945071711931644,0.0,0.019562317058444023,0.02523391880095005,0.019562317058444023,0.02523391880095005
ijepa,official_legacy_cross_ijepa_giant,giant,1000000000,9.0,1408,1408,8,8,0.021361000915471468,0.03320109856576137,0.05614891669209643,-0.03478791577662496,3.090686798095703,3.100355625152588,0.01399940438568592,0.01817166991531849
ijepa,official_legacy_cross_ijepa_giant,giant,1000000000,9.0,1408,1408,16,16,0.029844369850472997,0.03320109856576137,0.05614891669209643,-0.026304546841623432,1.6069178581237793,1.6258221864700317,0.01399940438568592,0.01817166991531849
ijepa,official_legacy_cross_ijepa_giant,giant,1000000000,9.0,1408,1408,32,32,0.04150137320720171,0.03320109856576137,0.05614891669209643,-0.01464754348489472,0.7988793253898621,0.8136460781097412,0.01399940438568592,0.01817166991531849
ijepa,official_legacy_cross_ijepa_giant,giant,1000000000,9.0,1408,1408,64,64,0.048184314922184925,0.03320109856576137,0.05614891669209643,-0.007964601769911504,0.396173357963562,0.4076417088508606,0.01399940438568592,0.01817166991531849
ijepa,official_legacy_cross_ijepa_giant,giant,1000000000,9.0,1408,1408,128,128,0.054134879462923405,0.03320109856576137,0.05614891669209643,-0.002014037229173024,0.1928563416004181,0.20002490282058716,0.01399940438568592,0.01817166991531849
ijepa,official_legacy_cross_ijepa_giant,giant,1000000000,9.0,1408,1408,256,256,0.06042111687519073,0.03320109856576137,0.05614891669209643,0.0042722001830943004,0.09293115884065628,0.09848857671022415,0.01399940438568592,0.01817166991531849
ijepa,official_legacy_cross_ijepa_giant,giant,1000000000,9.0,1408,1408,512,512,0.06527311565456209,0.03320109856576137,0.05614891669209643,0.009124198962465663,0.04396553710103035,0.048834532499313354,0.01399940438568592,0.01817166991531849
ijepa,official_legacy_cross_ijepa_giant,giant,1000000000,9.0,1408,1408,1408,full,0.05614891669209643,0.03320109856576137,0.05614891669209643,0.0,0.01399940438568592,0.01817166991531849,0.01399940438568592,0.01817166991531849
