dataset,method,scheme,full_value,iterations,mean,std,median,q025,q975,min,max,cv,median_ratio_to_full
jwst_dinov3_vitl16,pca_explained_variance_95,bootstrap_deduplicated,145.0,100,131.75,1.3437096247164249,132.0,129.475,134.0,128.0,135.0,0.010198934532951991,0.9103448275862069
jwst_dinov3_vitl16,pca_explained_variance_95,sparse_10pct,145.0,25,62.36,1.4966629547095767,62.0,59.6,65.0,59.0,65.0,0.024000368099896995,0.42758620689655175
jwst_dinov3_vitl16,pca_explained_variance_95,contiguous_region,145.0,12,52.5,2.467976720090587,53.0,47.825,55.0,47.0,55.0,0.04700908038267784,0.36551724137931035
jwst_dinov3_vitl16,participation_ratio,bootstrap_deduplicated,11.751876451930134,100,11.705133495707257,0.17628080601796,11.699657532088985,11.389061933739788,12.015809609973697,11.102623157882407,12.107580646578596,0.015060127770658,0.9955565462201084
jwst_dinov3_vitl16,participation_ratio,sparse_10pct,11.751876451930134,25,11.175235398275044,0.5871819012712121,11.217223244695703,10.198964590914407,11.995927887712584,10.152450489094814,12.021500231449451,0.05254313491793172,0.9545048648680595
jwst_dinov3_vitl16,participation_ratio,contiguous_region,11.751876451930134,12,10.637346818967044,0.6762426261086485,10.729346096826479,9.617199918212236,11.890538542465956,9.504261644392892,12.264317274810061,0.06357249017234883,0.9129900353117043
jwst_dinov3_vitl16,shannon_entropy,bootstrap_deduplicated,36.133903982561286,100,35.07489634023814,0.46694588905137824,35.04514969329712,34.263667476044425,35.92910742214389,33.67019859284746,35.985423960698945,0.013312823066441824,0.9698688995855633
jwst_dinov3_vitl16,shannon_entropy,sparse_10pct,36.133903982561286,25,26.187500723693717,1.0845938401699293,26.23898296268394,24.25728321937742,27.50553281804474,24.167851249186885,27.567999753859137,0.04141647007912516,0.7261596470546673
jwst_dinov3_vitl16,shannon_entropy,contiguous_region,36.133903982561286,12,23.59000364844012,1.2485217738996275,23.927467116692146,21.321674367651394,25.17338897652609,21.126295281475443,25.338303353877347,0.05292588303529938,0.6621888165817861
jwst_dinov3_vitl16,renyi_eff_dimensionality_alpha_2,bootstrap_deduplicated,11.751876451930086,100,11.705133495707326,0.1762808060179656,11.699657532089088,11.389061933739843,12.015809609973779,11.102623157882432,12.107580646578656,0.015060127770658389,0.9955565462201211
jwst_dinov3_vitl16,renyi_eff_dimensionality_alpha_2,sparse_10pct,11.751876451930086,25,11.17523539827514,0.5871819012712278,11.217223244695768,10.198964590914468,11.995927887712687,10.152450489094896,12.021500231449542,0.05254313491793268,0.954504864868069
jwst_dinov3_vitl16,renyi_eff_dimensionality_alpha_2,contiguous_region,11.751876451930086,12,10.637346818967098,0.6762426261086479,10.729346096826529,9.617199918212282,11.890538542466002,9.504261644392935,12.264317274810102,0.06357249017234845,0.9129900353117123
jwst_dinov3_vitl16,renyi_eff_dimensionality_alpha_3,bootstrap_deduplicated,8.334281840411638,100,8.315047301404816,0.13256823517670796,8.303827847328485,8.071108057786764,8.586166112588696,7.879719810712885,8.617710184869193,0.015943172705020058,0.9963459367386058
jwst_dinov3_vitl16,renyi_eff_dimensionality_alpha_3,sparse_10pct,8.334281840411638,25,8.137219073708264,0.46576435506457275,8.135538571121462,7.393746951130894,8.831331665431328,7.383745969384821,8.83979377917172,0.057238763126026576,0.97615352191157
jwst_dinov3_vitl16,renyi_eff_dimensionality_alpha_3,contiguous_region,8.334281840411638,12,7.862644996896268,0.5135501393318671,7.869361886933147,7.138306937106227,8.869325582498103,6.997869986089261,9.153145644469081,0.06531518840474013,0.9442159549699691
jwst_dinov3_vitl16,renyi_eff_dimensionality_alpha_4,bootstrap_deduplicated,7.053125341031604,100,7.0407626909541925,0.11874469402148331,7.032018460710291,6.826787098874496,7.277659648815255,6.678386089279735,7.34926090365211,0.01686531690296049,0.9970074428993168
jwst_dinov3_vitl16,renyi_eff_dimensionality_alpha_4,sparse_10pct,7.053125341031604,25,6.944444313191442,0.42530287129883815,6.9509208522648365,6.3040459710300745,7.612853180567088,6.275406391134447,7.65139850305865,0.061243614624563486,0.9855093332636253
jwst_dinov3_vitl16,renyi_eff_dimensionality_alpha_4,contiguous_region,7.053125341031604,12,6.743168537880552,0.4330056971196012,6.719380045661367,6.134337802672287,7.595740223293044,6.017676998808547,7.815173525986378,0.06421398111097774,0.9526812187175135
jwst_dinov3_vitl16,renyi_eff_dimensionality_alpha_5,bootstrap_deduplicated,6.388156484956257,100,6.3790151156775154,0.11130616301980578,6.377874136999036,6.174533893421809,6.5954413061811845,6.057245511537497,6.691965427321374,0.017448800637931073,0.9983904044959708
jwst_dinov3_vitl16,renyi_eff_dimensionality_alpha_5,sparse_10pct,6.388156484956257,25,6.31756549605903,0.4035820091770354,6.256471197946618,5.726570383455907,6.963032733222871,5.699691861302524,7.032988051288962,0.06388252079520101,0.9793860267324774
jwst_dinov3_vitl16,renyi_eff_dimensionality_alpha_5,contiguous_region,6.388156484956257,12,6.144994714079666,0.385610749233716,6.11545902572609,5.6055298481837,6.902128288896953,5.502126377956643,7.080044622706156,0.06275200666164753,0.9573120257976846
jwst_dinov3_vitl16,geometric_mean_eff_dimensionality,bootstrap_deduplicated,29.82163642915461,100,1095.706494788652,421.5375388927678,1013.2466398241158,602.5099538638167,2022.225112793185,446.3679357348446,3481.5804518413847,0.3847175688906335,33.97689601076126
jwst_dinov3_vitl16,geometric_mean_eff_dimensionality,sparse_10pct,29.82163642915461,25,3658202374985.591,153651744888.34467,3684428941092.3296,3367243542024.863,3874083008517.6055,3350509510590.4688,3904075733657.0073,0.04200198051890169,123548851849.40123
jwst_dinov3_vitl16,geometric_mean_eff_dimensionality,contiguous_region,29.82163642915461,12,9762291850246.637,308917858140.28577,9715633704755.902,9405417858359.951,10305972636206.736,9390228856839.693,10346820161434.328,0.03164398922702574,325791434277.48254
jwst_dinov3_vitl16,mle_dimensionality,bootstrap_deduplicated,12.560142496170418,100,13.305103887867103,0.2715533885941935,13.306514664819082,12.764585557241874,13.77227362022024,12.467867119308728,13.980737377082496,0.020409715766430237,1.059423861542672
jwst_dinov3_vitl16,mle_dimensionality,sparse_10pct,12.560142496170418,25,11.776529538992762,0.594927364155775,11.811579640936953,10.704269230073143,12.649341271556581,10.693900896351089,12.78361454375278,0.0505180547618835,0.9404017227143959
jwst_dinov3_vitl16,mle_dimensionality,contiguous_region,12.560142496170418,12,9.927268823588681,0.8315492906958766,10.203469829323883,8.788261517804273,10.841420814944804,8.73757086118214,10.84682968153898,0.08376415562757711,0.8123689546065991
jwst_dinov3_vitl16,two_nn_dimensionality,bootstrap_deduplicated,0.1147285810930775,100,0.13388262258763112,0.004646896906900335,0.13392363780203936,0.12620230224190818,0.14453273475009562,0.12400241911779208,0.14892784562366035,0.034708738274519306,1.167308411958736
jwst_dinov3_vitl16,two_nn_dimensionality,sparse_10pct,0.1147285810930775,25,2.118864657085918,3.6339992323789914,0.24883640557624503,0.17374018353487572,10.716997594242766,0.17249671102765368,12.228387362138246,1.7150690678737561,2.1689138243099855
jwst_dinov3_vitl16,two_nn_dimensionality,contiguous_region,0.1147285810930775,12,5.175704747321638,0.8091025962232905,5.049101226271228,4.052827504490251,6.4304902822253185,4.006027957955275,6.55590685760716,0.15632703867854728,44.009096758330614
jwst_dinov3_vitl16,danco_dimensionality,bootstrap_deduplicated,4.533388128751588,100,4.504662540135507,0.04719921342548534,4.500803657084513,4.42099189431517,4.59846818393384,4.404073570534298,4.633276937332789,0.010477857776237666,0.9928123357758809
jwst_dinov3_vitl16,danco_dimensionality,sparse_10pct,4.533388128751588,25,4.263186605135088,0.12118477682602578,4.265236825976977,4.052998678530485,4.479231273083654,3.998785797143598,4.479331374853757,0.028425867326580652,0.9408496922921854
jwst_dinov3_vitl16,danco_dimensionality,contiguous_region,4.533388128751588,12,4.275615795859481,0.14523383719570399,4.272048440503531,4.014958194512288,4.461391048544322,4.009514583917882,4.463079993235393,0.033967934475391565,0.9423522361585165
jwst_dinov3_vitl16,mind_mli_dimensionality,bootstrap_deduplicated,0.20091200661946018,100,0.29383009120657894,0.024184986159091242,0.2932581659052604,0.2557230324525352,0.35188392708366806,0.24817752375021035,0.37650317927284016,0.08230942603522472,1.459634846317122
jwst_dinov3_vitl16,mind_mli_dimensionality,sparse_10pct,0.20091200661946018,25,1.0821970948057669,0.38878913063651854,1.0394110451850487,0.6186557753015907,2.014009981095799,0.6003263004235543,2.0202349552084793,0.35925907813151037,5.173464058590374
jwst_dinov3_vitl16,mind_mli_dimensionality,contiguous_region,0.20091200661946018,12,1.5311600336925597,0.246913208188121,1.439595886263911,1.2348829033293054,1.9727032576533523,1.2065264012922288,2.0538760894413097,0.16125891660890782,7.165305401536281
jwst_dinov3_vitl16,mind_mlk_dimensionality,bootstrap_deduplicated,11.464358991687806,100,12.053727933481433,0.2937702512288715,12.043114566922537,11.503056805896238,12.656644436618643,11.439874155673461,12.870686293524702,0.024371734027020052,1.0504830296795795
jwst_dinov3_vitl16,mind_mlk_dimensionality,sparse_10pct,11.464358991687806,25,10.650105389895533,0.5382184394313635,10.650393973590333,9.64060350874799,11.609334572699147,9.550094197971617,12.221955279584424,0.05053644257286011,0.9290003899312961
jwst_dinov3_vitl16,mind_mlk_dimensionality,contiguous_region,11.464358991687806,12,8.70199883681258,0.9675149522089256,8.663076445287341,7.004484751143072,9.93810983983691,6.8524724266989026,9.98209371100603,0.11118307073496608,0.7556529284863179
jwst_dinov3_vitl16,ess_dimensionality,bootstrap_deduplicated,0.21130258908095906,100,0.20865268219090244,0.0010238843310098045,0.20867809901458106,0.2068233293669205,0.21048690604842318,0.20630412546012827,0.21164067550839263,0.004907122785380841,0.9875794703804011
jwst_dinov3_vitl16,ess_dimensionality,sparse_10pct,0.21130258908095906,25,0.20235020137433832,0.002651888313089547,0.20233814189288635,0.19801010895862867,0.20690341157212944,0.19718709219564162,0.20693722595658776,0.013105439456339749,0.9575753083430604
jwst_dinov3_vitl16,ess_dimensionality,contiguous_region,0.21130258908095906,12,0.2048607746549225,0.0038973191432264014,0.20545220892025243,0.19781370064730505,0.21023544814589623,0.197625937978768,0.210923706835837,0.019024233164163497,0.9723127852519351
jwst_dinov3_vitl16,tle_dimensionality,bootstrap_deduplicated,12.560142496170416,100,13.305103887867103,0.271553388594193,13.306514664819083,12.764585557241878,13.77227362022024,12.467867119308726,13.980737377082496,0.0204097157664302,1.0594238615426725
jwst_dinov3_vitl16,tle_dimensionality,sparse_10pct,12.560142496170416,25,11.776529538992763,0.5949273641557754,11.811579640936959,10.704269230073146,12.649341271556581,10.69390089635109,12.783614543752776,0.05051805476188353,0.9404017227143965
jwst_dinov3_vitl16,tle_dimensionality,contiguous_region,12.560142496170416,12,9.927268823588681,0.8315492906958772,10.203469829323879,8.78826151780427,10.841420814944803,8.737570861182139,10.846829681538978,0.08376415562757716,0.812368954606599
desi_dinov3_small_vitl16,pca_explained_variance_95,bootstrap_deduplicated,64.0,100,64.0,0.0,64.0,64.0,64.0,64.0,64.0,0.0,1.0
desi_dinov3_small_vitl16,pca_explained_variance_95,sparse_10pct,64.0,25,62.04,0.6757711644237764,62.0,61.0,63.0,61.0,63.0,0.010892507485876474,0.96875
desi_dinov3_small_vitl16,pca_explained_variance_95,contiguous_region,64.0,12,60.083333333333336,1.3789543689024493,60.0,58.0,62.45,58.0,63.0,0.02295069684719749,0.9375
desi_dinov3_small_vitl16,participation_ratio,bootstrap_deduplicated,8.659316464623574,100,8.654810335366873,0.0415180186918486,8.653230905630704,8.58137575027722,8.735297291741698,8.565544562688803,8.76698604383386,0.00479710323889942,0.9992972240917939
desi_dinov3_small_vitl16,participation_ratio,sparse_10pct,8.659316464623574,25,8.614040635135542,0.16000965421833496,8.602712723890823,8.342998014597024,8.885138672215536,8.316433681383229,8.973156684985149,0.018575446877470786,0.9934632553315268
desi_dinov3_small_vitl16,participation_ratio,contiguous_region,8.659316464623574,12,8.5452604724734,0.22928084948088345,8.495816548085198,8.227555872291935,8.90827725708523,8.216086634114543,8.92521370283562,0.02683134706302508,0.9811186117049386
desi_dinov3_small_vitl16,shannon_entropy,bootstrap_deduplicated,22.157322509851593,100,22.131209206826234,0.07917123992975161,22.121723579922453,21.99359321183493,22.294436075611983,21.953291167679556,22.346798857954532,0.0035773571696810736,0.9983933559700947
desi_dinov3_small_vitl16,shannon_entropy,sparse_10pct,22.157322509851593,25,21.822730453314012,0.30940186219163723,21.867876095145355,21.351158336437148,22.389368205999236,21.278199968884948,22.677854604006697,0.014177962874698444,0.9869367603158034
desi_dinov3_small_vitl16,shannon_entropy,contiguous_region,22.157322509851593,12,21.424832172402763,0.5421210316129844,21.237567566515317,20.71016338465532,22.30020455004621,20.704795193597576,22.345224660777575,0.0253033968831405,0.9584897975408656
desi_dinov3_small_vitl16,renyi_eff_dimensionality_alpha_2,bootstrap_deduplicated,8.659316464623613,100,8.654810335366873,0.041518018691845154,8.653230905630718,8.58137575027725,8.735297291741688,8.565544562688816,8.76698604383391,0.004797103238899022,0.999297224091791
desi_dinov3_small_vitl16,renyi_eff_dimensionality_alpha_2,sparse_10pct,8.659316464623613,25,8.614040635135538,0.1600096542183324,8.602712723890846,8.342998014597018,8.885138672215517,8.316433681383216,8.973156684985119,0.018575446877470498,0.9934632553315249
desi_dinov3_small_vitl16,renyi_eff_dimensionality_alpha_2,contiguous_region,8.659316464623613,12,8.545260472473403,0.22928084948088384,8.495816548085191,8.22755587229196,8.908277257085246,8.216086634114584,8.92521370283564,0.02683134706302511,0.9811186117049334
desi_dinov3_small_vitl16,renyi_eff_dimensionality_alpha_3,bootstrap_deduplicated,6.405041841171609,100,6.4022773729778955,0.034472316524592206,6.399944641973776,6.340772693328248,6.466499140397317,6.326840326708405,6.491273130353862,0.005384383480492361,0.9992041895550052
desi_dinov3_small_vitl16,renyi_eff_dimensionality_alpha_3,sparse_10pct,6.405041841171609,25,6.372108240061782,0.13058722442796641,6.362145404000067,6.133043059214348,6.580024928770648,6.121656279532265,6.61806525189636,0.020493566572984057,0.9933027077363019
desi_dinov3_small_vitl16,renyi_eff_dimensionality_alpha_3,contiguous_region,6.405041841171609,12,6.349547770108487,0.18646886289456452,6.322784588910006,6.082474114951348,6.6921118792558545,6.054454649022662,6.751196966775116,0.029367266716599342,0.9871574215592389
desi_dinov3_small_vitl16,renyi_eff_dimensionality_alpha_4,bootstrap_deduplicated,5.505023499271919,100,5.50297042871161,0.03063219634534432,5.501271163442112,5.448044487996731,5.558600941962084,5.4358437152487005,5.580139057300692,0.0055664839094031115,0.999318379688969
desi_dinov3_small_vitl16,renyi_eff_dimensionality_alpha_4,sparse_10pct,5.505023499271919,25,5.477053223888862,0.1145615836730104,5.4640578522858085,5.260768612703338,5.655068982852514,5.2590110039803575,5.674734609884644,0.020916646048523967,0.9925584973449199
desi_dinov3_small_vitl16,renyi_eff_dimensionality_alpha_4,contiguous_region,5.505023499271919,12,5.470750820103315,0.17189148965071657,5.443341605460251,5.233276249669769,5.798157961198365,5.201094666115679,5.872211928021024,0.03142009119096936,0.9887953441397977
desi_dinov3_small_vitl16,renyi_eff_dimensionality_alpha_5,bootstrap_deduplicated,5.027242462546235,100,5.025557241476367,0.027904859203359233,5.024368397108843,4.975400020689213,5.075728856061638,4.964431466155456,5.095036629294403,0.005552590063656617,0.9994283018058499
desi_dinov3_small_vitl16,renyi_eff_dimensionality_alpha_5,sparse_10pct,5.027242462546235,25,5.0024268868796105,0.10357416947094629,4.988848908697259,4.80560831217691,5.1619545168124805,4.803085998603486,5.173720369595246,0.020704784260335944,0.992362899912822
desi_dinov3_small_vitl16,renyi_eff_dimensionality_alpha_5,contiguous_region,5.027242462546235,12,5.002923353211824,0.16161061999903611,4.978700788676445,4.78330880546781,5.313844343394773,4.753472217829423,5.391800743574705,0.03230323724533653,0.9903442743747822
desi_dinov3_small_vitl16,geometric_mean_eff_dimensionality,bootstrap_deduplicated,57.33387800952699,100,58.20845779962451,0.19505470193855445,58.2303707952418,57.81011539260007,58.51800005494501,57.74543526428404,58.67219202223701,0.003350968386931095,1.0156363535284643
desi_dinov3_small_vitl16,geometric_mean_eff_dimensionality,sparse_10pct,57.33387800952699,25,73.65894217304941,0.9166660069129892,73.50732096184402,72.2128754675149,75.2667663550513,71.71429976777924,75.2989473777443,0.012444734880382006,1.2820922552915317
desi_dinov3_small_vitl16,geometric_mean_eff_dimensionality,contiguous_region,57.33387800952699,12,80.91936069077965,2.2821054235239377,80.78689488043747,77.00548074262319,83.92587171988667,76.1900191636046,84.04309764356037,0.028202217665122657,1.4090603616070305
desi_dinov3_small_vitl16,mle_dimensionality,bootstrap_deduplicated,18.172369757363835,100,17.37649997498763,0.059929354844757705,17.3728637587553,17.278708029661605,17.497233192783437,17.230037018448694,17.558910380900123,0.003448873762323955,0.9560043071276074
desi_dinov3_small_vitl16,mle_dimensionality,sparse_10pct,18.172369757363835,25,14.283938642526795,0.1359318032713706,14.317837811521972,14.031621916182146,14.488256555170569,14.019674368685553,14.506874352718553,0.009516409071281519,0.7878905174554945
desi_dinov3_small_vitl16,mle_dimensionality,contiguous_region,18.172369757363835,12,13.705397621912859,0.43030494901337774,13.55545207081477,13.159539917374952,14.388453709986155,13.118951384220717,14.414225831377294,0.031396750454389236,0.7459375002713561
desi_dinov3_small_vitl16,two_nn_dimensionality,bootstrap_deduplicated,16.782494117247932,100,15.525630715543638,0.8586286692517695,15.934759278938582,14.054088147794001,16.56866318816757,14.014530793633266,16.659925833778978,0.05530394770965053,0.9494869575173511
desi_dinov3_small_vitl16,two_nn_dimensionality,sparse_10pct,16.782494117247932,25,13.48301785135125,1.1029365930650077,13.684282179923118,10.993666251289785,14.37030184318006,8.923904756384738,14.371944385309115,0.08180190853596422,0.8153902563182979
desi_dinov3_small_vitl16,two_nn_dimensionality,contiguous_region,16.782494117247932,12,12.914710050243727,0.5155500182528188,12.896845952937193,12.125627295587618,13.680470092113342,12.107125493412873,13.706038158876314,0.03991959681999127,0.7684701608018245
desi_dinov3_small_vitl16,danco_dimensionality,bootstrap_deduplicated,5.590504274799756,100,5.528895233018674,0.01265179738348016,5.5282764595053875,5.509383449015192,5.5529353065964315,5.503656879254415,5.570745695812085,0.00228830477885046,0.9888690157031321
desi_dinov3_small_vitl16,danco_dimensionality,sparse_10pct,5.590504274799756,25,5.20531303418172,0.05564223382019232,5.2055030549654004,5.123646748217174,5.304152318990421,5.122374179495569,5.309593780320147,0.01068950771160285,0.9311330068076648
desi_dinov3_small_vitl16,danco_dimensionality,contiguous_region,5.590504274799756,12,5.115796650804399,0.10660311970731448,5.124472430435883,4.960351151852867,5.265711337943957,4.959327131790499,5.270156533148275,0.020838029144601044,0.9166386748929611
desi_dinov3_small_vitl16,mind_mli_dimensionality,bootstrap_deduplicated,0.7892767644188788,100,0.8301563066946669,0.05921603404748452,0.8065418227224949,0.7941962108871458,1.0154098857128238,0.7935193806078494,1.1395359128818254,0.07133118615126571,1.0218745300532541
desi_dinov3_small_vitl16,mind_mli_dimensionality,sparse_10pct,0.7892767644188788,25,0.9618732487384497,0.09594280000148193,0.942870197038324,0.8074055205680338,1.1220995384438954,0.7404159962055656,1.1269697957889842,0.09974578264580729,1.1946002207888782
desi_dinov3_small_vitl16,mind_mli_dimensionality,contiguous_region,0.7892767644188788,12,1.0102760606013959,0.12019543421763491,1.0101153370390097,0.853448617955801,1.1677175443210817,0.8453666402877267,1.172504450015339,0.11897286187904435,1.279798649315019
desi_dinov3_small_vitl16,mind_mlk_dimensionality,bootstrap_deduplicated,16.53914423181552,100,15.81433323056589,0.06470262679576715,15.813897856624251,15.68165378776669,15.937500504718978,15.662892848045885,15.956400405430392,0.004091391388586029,0.9561497036953007
desi_dinov3_small_vitl16,mind_mlk_dimensionality,sparse_10pct,16.53914423181552,25,13.075262341447207,0.16522728852634644,13.03164127199106,12.829968150053553,13.413198295865481,12.829405035003536,13.427183383116311,0.012636632765875244,0.7879271798671872
desi_dinov3_small_vitl16,mind_mlk_dimensionality,contiguous_region,16.53914423181552,12,12.458689768371144,0.45555660779842594,12.275828199715459,11.916283042632006,13.156645509883,11.88738797549093,13.193261232837044,0.03656537053799564,0.7422287409587411
desi_dinov3_small_vitl16,ess_dimensionality,bootstrap_deduplicated,0.22358991279027207,100,0.22315133400188294,0.0002604659007464768,0.22310550953185138,0.22272431551429914,0.22372280067392086,0.22265572193079816,0.2239301535537216,0.0011672164180039318,0.9978335191763545
desi_dinov3_small_vitl16,ess_dimensionality,sparse_10pct,0.22358991279027207,25,0.21990180051017424,0.001144577387530173,0.21982090277250887,0.21839369787829235,0.22198630611510353,0.21838371323638262,0.22206689525562828,0.005204947776119808,0.9831432018970439
desi_dinov3_small_vitl16,ess_dimensionality,contiguous_region,0.22358991279027207,12,0.21915201487250266,0.0026440170893203144,0.21910904781909096,0.21547030316598387,0.22294995279137234,0.21528030629990735,0.2229645607653133,0.012064762858139998,0.979959449354121
desi_dinov3_small_vitl16,tle_dimensionality,bootstrap_deduplicated,18.172369757363832,100,17.37649997498763,0.05992935484475842,17.3728637587553,17.278708029661605,17.497233192783437,17.230037018448694,17.558910380900116,0.0034488737623239963,0.9560043071276076
desi_dinov3_small_vitl16,tle_dimensionality,sparse_10pct,18.172369757363832,25,14.283938642526795,0.13593180327137117,14.317837811521972,14.031621916182145,14.488256555170569,14.019674368685555,14.506874352718555,0.009516409071281557,0.7878905174554947
desi_dinov3_small_vitl16,tle_dimensionality,contiguous_region,18.172369757363832,12,13.705397621912859,0.4303049490133761,13.555452070814773,13.159539917374955,14.388453709986154,13.118951384220722,14.414225831377294,0.031396750454389125,0.7459375002713565
legacysurvey_dinov3_vitl16,pca_explained_variance_95,bootstrap_deduplicated,110.0,100,110.18,0.38612291966536916,110.0,110.0,111.0,110.0,111.0,0.003504473767157099,1.0
legacysurvey_dinov3_vitl16,pca_explained_variance_95,sparse_10pct,110.0,25,107.0,0.9574271077563381,107.0,106.0,109.0,106.0,109.0,0.008947916894919047,0.9727272727272728
legacysurvey_dinov3_vitl16,pca_explained_variance_95,contiguous_region,110.0,12,102.58333333333333,5.434876152027642,104.0,94.275,109.9,94.0,111.0,0.052980108711886034,0.9454545454545454
legacysurvey_dinov3_vitl16,participation_ratio,bootstrap_deduplicated,9.240832884232484,100,9.243866734334011,0.02254431651737137,9.244784892003084,9.19843322096519,9.284239235909551,9.1878363395131,9.291723860167359,0.0024388404944909246,1.000427667919127
legacysurvey_dinov3_vitl16,participation_ratio,sparse_10pct,9.240832884232484,25,9.239938200914052,0.08157636811985558,9.236454291002739,9.107051407502492,9.432553051662817,9.104109378726312,9.44910093813442,0.008828670316408146,0.9995261689844844
legacysurvey_dinov3_vitl16,participation_ratio,contiguous_region,9.240832884232484,12,9.055326296421278,0.45144829408132847,9.023807828743092,8.445793110310598,9.803354157022927,8.41548136597061,9.889253510279715,0.049854448012518746,0.9765145568361376
legacysurvey_dinov3_vitl16,shannon_entropy,bootstrap_deduplicated,25.98117566399227,100,25.97401238299939,0.05192362782983278,25.978286171918278,25.87685845923468,26.066358291919077,25.846084296612883,26.08996079613075,0.001999060717466125,0.9998887851684864
legacysurvey_dinov3_vitl16,shannon_entropy,sparse_10pct,25.98117566399227,25,25.76507109454466,0.20196572832373774,25.761305487635124,25.445760149087526,26.22744482338013,25.441993357834214,26.292453269872272,0.007838741355792368,0.9915373276713622
legacysurvey_dinov3_vitl16,shannon_entropy,contiguous_region,25.98117566399227,12,24.94270911383818,1.355076077703117,25.133128267782915,22.888495028579154,26.66378344067516,22.836353938454664,26.762423647257663,0.05432754202915844,0.9673591600635425
legacysurvey_dinov3_vitl16,renyi_eff_dimensionality_alpha_2,bootstrap_deduplicated,9.240832884232528,100,9.243866734334011,0.022544316517365413,9.244784892003072,9.198433220965189,9.284239235909507,9.187836339513096,9.291723860167314,0.00243884049449028,1.0004276679191209
legacysurvey_dinov3_vitl16,renyi_eff_dimensionality_alpha_2,sparse_10pct,9.240832884232528,25,9.23993820091405,0.08157636811984516,9.236454291002767,9.107051407502528,9.432553051662763,9.104109378726356,9.449100938134412,0.00882867031640702,0.9995261689844828
legacysurvey_dinov3_vitl16,renyi_eff_dimensionality_alpha_2,contiguous_region,9.240832884232528,12,9.05532629642128,0.45144829408133236,9.023807828743125,8.445793110310605,9.803354157022946,8.415481365970624,9.889253510279763,0.04985444801251916,0.9765145568361366
legacysurvey_dinov3_vitl16,renyi_eff_dimensionality_alpha_3,bootstrap_deduplicated,6.978011350260262,100,6.980737425228359,0.019637953806306372,6.981993082898992,6.9408437888568955,7.017210880347675,6.931882871486681,7.024306614497805,0.0028131632247525716,1.0005706113731931
legacysurvey_dinov3_vitl16,renyi_eff_dimensionality_alpha_3,sparse_10pct,6.978011350260262,25,6.980186684689155,0.07078001238823096,6.9748440234457565,6.865221375060283,7.150592806457826,6.859960452644045,7.161310782791841,0.010140131716460384,0.9995460989305517
legacysurvey_dinov3_vitl16,renyi_eff_dimensionality_alpha_3,contiguous_region,6.978011350260262,12,6.871785112143066,0.3132757192271584,6.820614898611296,6.469380017705087,7.4241033567049195,6.450742891404031,7.506402482459122,0.04558869553030287,0.9774439387171396
legacysurvey_dinov3_vitl16,renyi_eff_dimensionality_alpha_4,bootstrap_deduplicated,6.104759681662899,100,6.107287109027266,0.018818681354745063,6.108085288681179,6.070183269725656,6.143682170573425,6.061245910288699,6.1505620974878505,0.003081348726332009,1.0005447564182206
legacysurvey_dinov3_vitl16,renyi_eff_dimensionality_alpha_4,sparse_10pct,6.104759681662899,25,6.1073909039502645,0.06805404889434243,6.101316121261697,5.99745957886217,6.271412373634691,5.989289413433654,6.280677587484111,0.011142900456940627,0.9994359220377593
legacysurvey_dinov3_vitl16,renyi_eff_dimensionality_alpha_4,contiguous_region,6.104759681662899,12,6.024356203739941,0.2572943353890769,5.9806982513910185,5.705091942412607,6.496612018293326,5.691507987781859,6.5625071320064565,0.04270901764230802,0.9796779174380068
legacysurvey_dinov3_vitl16,renyi_eff_dimensionality_alpha_5,bootstrap_deduplicated,5.633247668068561,100,5.635638172985674,0.018331073667346407,5.6362050422974885,5.599329988027454,5.671813301555996,5.59137280721825,5.679153953025649,0.003252705923388777,1.0005249856571532
legacysurvey_dinov3_vitl16,renyi_eff_dimensionality_alpha_5,sparse_10pct,5.633247668068561,25,5.636130256622687,0.06650184359878986,5.630468666831289,5.528656253343599,5.795763309512042,5.519343769254467,5.80431429754372,0.011799202745651136,0.9995066786690341
legacysurvey_dinov3_vitl16,renyi_eff_dimensionality_alpha_5,contiguous_region,5.633247668068561,12,5.565351128221856,0.22690632445687592,5.513579169170707,5.291599843873991,5.989211022189907,5.280931897389686,6.045283258942824,0.04077125040794561,0.9787567481585832
legacysurvey_dinov3_vitl16,geometric_mean_eff_dimensionality,bootstrap_deduplicated,23.050088222142023,100,23.226390904620516,0.04838674020634925,23.22258347378012,23.135459752893404,23.325643717801928,23.114570921478517,23.35577867680153,0.002083265557918578,1.0074834963743173
legacysurvey_dinov3_vitl16,geometric_mean_eff_dimensionality,sparse_10pct,23.050088222142023,25,25.799176591247654,0.18574984183080429,25.78235113032995,25.370351797925053,26.06960832840349,25.365127641369547,26.11562372208472,0.00719983605576853,1.118535898077965
legacysurvey_dinov3_vitl16,geometric_mean_eff_dimensionality,contiguous_region,23.050088222142023,12,27.366487509630513,1.5380958777779437,26.7508595229419,25.579637191724572,29.76625670387412,25.36459007188365,29.79756184094346,0.056203627785139536,1.1605534549427408
legacysurvey_dinov3_vitl16,mle_dimensionality,bootstrap_deduplicated,22.560212864669115,100,21.725837524652288,0.028929445736113408,21.727913783411957,21.67010685384857,21.774530566343913,21.65597889138869,21.816826203224686,0.001331568723336313,0.9631076583253079
legacysurvey_dinov3_vitl16,mle_dimensionality,sparse_10pct,22.560212864669115,25,18.321987226293867,0.08731518012063132,18.33739919412335,18.185526789228852,18.47612637751764,18.16300882017977,18.511782145103012,0.004765595513314483,0.8128203091044859
legacysurvey_dinov3_vitl16,mle_dimensionality,contiguous_region,22.560212864669115,12,17.73003097063584,0.29463626029488865,17.875321011697977,17.284514226554528,18.056090232085467,17.25959950846704,18.069896586306957,0.016617921355177548,0.7923383134248698
legacysurvey_dinov3_vitl16,two_nn_dimensionality,bootstrap_deduplicated,22.50177248233644,100,21.816044613595245,0.10149087292712564,21.82485666322159,21.59866501532304,21.988222326334157,21.557255688543314,22.109531452100274,0.004652120708621897,0.9699172223145435
legacysurvey_dinov3_vitl16,two_nn_dimensionality,sparse_10pct,22.50177248233644,25,14.854389296395938,7.491382972203192,18.904637548417558,1.7883120843152323,19.274584862252322,1.787766974095413,19.30088499730201,0.5043211688292563,0.8401399295658785
legacysurvey_dinov3_vitl16,two_nn_dimensionality,contiguous_region,22.50177248233644,12,14.100273862594621,7.542739588735611,17.937421868973587,1.6034396322988975,19.19202381795361,1.6014479888419102,19.362263954768917,0.5349356801320776,0.7971559521835091
legacysurvey_dinov3_vitl16,danco_dimensionality,bootstrap_deduplicated,5.619771396599831,100,5.537098575974408,0.006252562540125006,5.536407226344963,5.5266911487944785,5.547929783725869,5.523533100651878,5.5537251050627034,0.0011292127915610915,0.9851659143456784
legacysurvey_dinov3_vitl16,danco_dimensionality,sparse_10pct,5.619771396599831,25,5.153683198012788,0.02468298706771715,5.154732897328455,5.114244596435697,5.205613209337789,5.105489165324052,5.2230238706831456,0.004789387729000238,0.917249570053198
legacysurvey_dinov3_vitl16,danco_dimensionality,contiguous_region,5.619771396599831,12,5.214412529304589,0.06242787121310106,5.218585154295486,5.14029468027218,5.323311161117616,5.138453259493701,5.328498821001915,0.011972177280232687,0.9286116437855323
legacysurvey_dinov3_vitl16,mind_mli_dimensionality,bootstrap_deduplicated,0.7474852777063614,100,0.7601506231805614,0.027399798035644716,0.7578536260713721,0.7254817955160574,0.8267687107841304,0.7240088542956069,0.8406687903647317,0.03604522209164373,1.0138709733478974
legacysurvey_dinov3_vitl16,mind_mli_dimensionality,sparse_10pct,0.7474852777063614,25,0.7625944900915812,0.08034691381976174,0.7492565197343103,0.6304831517631305,0.8895725412853379,0.6080639030824735,0.9124354623363334,0.10535994537557274,1.0023696012226273
legacysurvey_dinov3_vitl16,mind_mli_dimensionality,contiguous_region,0.7474852777063614,12,0.8053858700032327,0.05716217194157796,0.803393233251297,0.7378299461566763,0.8966446677661634,0.7377150005589524,0.9084649943649123,0.07097488802646676,1.0747947246753644
legacysurvey_dinov3_vitl16,mind_mlk_dimensionality,bootstrap_deduplicated,20.7120977629311,100,19.936907237941178,0.031702676013079516,19.936289691351654,19.88319109451762,19.99889348295577,19.85249803728987,20.02663539802765,0.001590150148903103,0.9625432401652754
legacysurvey_dinov3_vitl16,mind_mlk_dimensionality,sparse_10pct,20.7120977629311,25,16.751945497934653,0.09692468401781518,16.733107444463222,16.611575832764615,16.904401402967075,16.609141360339414,16.905061509271743,0.005785876275072948,0.8078905206024488
legacysurvey_dinov3_vitl16,mind_mlk_dimensionality,contiguous_region,20.7120977629311,12,16.216840144265774,0.30753647947602825,16.323830473588014,15.74717872291946,16.640763465305895,15.73263460465337,16.70967302434245,0.018964019916344322,0.7881302348235887
legacysurvey_dinov3_vitl16,ess_dimensionality,bootstrap_deduplicated,0.2224377137921287,100,0.22150964739134482,0.00011757800468360763,0.22149406984252312,0.22131121010924706,0.2217168455814918,0.22126034591620658,0.22179835300107886,0.0005308030872166963,0.9957577160207309
legacysurvey_dinov3_vitl16,ess_dimensionality,sparse_10pct,0.2224377137921287,25,0.21682270249563065,0.0004952913225217846,0.21681756115169204,0.2159761534076956,0.2178578544080568,0.21581199150593888,0.2181453300417989,0.0022843148656528046,0.974733814043383
legacysurvey_dinov3_vitl16,ess_dimensionality,contiguous_region,0.2224377137921287,12,0.21837279425740128,0.0014569719662853886,0.21792463247182464,0.2166052616035161,0.2210841817658924,0.2163864256731595,0.22120233366502998,0.006671948175778804,0.9797108087321846
legacysurvey_dinov3_vitl16,tle_dimensionality,bootstrap_deduplicated,22.560212864669115,100,21.725837524652288,0.02892944573611422,21.72791378341195,21.67010685384857,21.774530566343923,21.655978891388685,21.81682620322468,0.0013315687233363502,0.9631076583253075
legacysurvey_dinov3_vitl16,tle_dimensionality,sparse_10pct,22.560212864669115,25,18.321987226293864,0.08731518012063069,18.337399194123346,18.18552678922885,18.47612637751764,18.163008820179762,18.511782145103002,0.004765595513314449,0.8128203091044858
legacysurvey_dinov3_vitl16,tle_dimensionality,contiguous_region,22.560212864669115,12,17.730030970635838,0.29463626029488954,17.875321011697977,17.28451422655453,18.056090232085467,17.259599508467048,18.069896586306957,0.0166179213551776,0.7923383134248698
