sample_id,A_B,A_B_A,A_B_B,gamma_fold_cosine,A_B_agree
0,3.1004013256819247,2.517465160828931,2.55983393422388,0.9405556064350227,0.9916552535901949
1,1.8022888625489812,1.5811446854554772,1.5297973486284442,0.9323114911873468,0.9834946018715668
8,1.769944874853612,1.4497899774551641,1.5258690524606426,0.9195603078477478,0.9744328653785205
11,2.9414301956824325,2.270432423161481,2.649264470677766,0.9597958226225143,0.922996872431169
16,1.6896389208033398,1.5051525972010438,1.4453477405945805,0.9213691908754218,0.9797306050637009
18,1.89778074300154,1.925969659743863,1.3742797607876187,0.9037108964151106,0.8328338774869329
19,2.2695915630589973,1.8712309786102033,1.9631840623100565,0.888650162979663,0.9760190061017013
22,1.1136486967961665,0.9351936183361776,1.0314381057869852,0.8793141844373251,0.9510612555110088
25,1.478440882591673,1.3335348379597614,1.3338768142156285,0.8954874775676356,0.999871794720703
26,3.326693328101281,2.6869607042520434,2.8236930742976303,0.9280765721712492,0.9751876318962697
28,2.9332476405761083,2.4766111369022648,2.5672428481855953,0.9252373605697422,0.9820312579326675
30,2.4338117699729453,1.992565063336056,2.1254589117265295,0.9224556276680411,0.9677287336850793
32,3.8932633891968065,3.247400174043564,3.161065639609923,0.952401029621661,0.98652804946705
38,3.106652609717799,2.5609049149946777,2.5258174978697645,0.920785962531983,0.9931021561081894
42,3.2058471591014435,2.672174395243993,2.696789530888027,0.9371487122874929,0.9954152912959191
46,2.984970692009576,2.43736096805839,2.594315655802926,0.9203214576762093,0.9688066822497649
48,2.8620846980153134,2.3045618710134317,2.582564679848601,0.9133929339230507,0.9431152833997858
55,2.32321287420138,1.9930050366646113,1.9544620837174826,0.935629062624914,0.9902360293900566
58,1.9602363841109318,2.0826294623666497,1.612793991994542,0.9220297554527828,0.8728601806600468
74,2.8758555636905827,2.279934353441281,2.5883917524396884,0.9078714936692269,0.9366399472242032
85,2.5474172245225897,2.2960062251209257,2.066163513209853,0.9341244399518025,0.9473100026595883
90,2.968991614461593,2.6755956133597683,2.282540930337166,0.890601554720704,0.9207253209832884
108,2.8571990179496636,2.5238661779222213,2.3002696194514147,0.9275439234989482,0.9536504427191835
109,2.119340885872847,2.0418370393837066,1.6853105156283932,0.9597420479401404,0.9043433299881373
111,3.1320161163466462,2.8022835166985223,2.4921400035290437,0.9343253364411233,0.9414207208802692
114,1.783368238386999,1.4602527185588507,1.4937665767008503,0.888713820125512,0.9886548276120677
117,3.139433513576304,2.694208369243785,2.6097782527565676,0.9183424292634204,0.9840817629258319
119,2.212122610544275,2.072460200389537,1.7619689800132727,0.9273708658222981,0.9190254387893932
120,2.225333797641206,1.7529423214185995,1.8761579613125874,0.9410780219114985,0.966047882313889
133,2.510659883386466,1.970018306308462,2.459096066661556,0.9173305361146957,0.8895766243161758
136,2.393039593548441,1.6904784812557176,2.113325243095157,0.9303561336129964,0.8888358094997136
146,2.501568074828396,2.387319722635885,2.053640254857642,0.9181842003789107,0.9248632121277139
149,1.9386969013756798,1.7392613307621696,1.5206198665403823,0.8970550377808901,0.932929621974351
160,2.116961182327591,1.6727410096346167,1.9709624833802726,0.9030042562677607,0.9181542970449277
161,3.196012254729913,2.4418731127737674,2.9783684105633816,0.9613277264903566,0.9010200384097823
163,3.9984109783637796,3.7630421205166393,3.05722111559475,0.9323977438222195,0.8965111784564613
166,2.7293808299420212,2.411775230525656,2.2251100385190856,0.925495713209878,0.9597434093845877
168,1.8490585401724087,1.5828823078877514,1.5516768509572199,0.8763338528281011,0.9900447063369414
170,1.4876469578050364,1.405128781507088,1.1026692051469307,0.9532546453509135,0.8793923681373921
189,2.223986469710949,2.000512255050675,1.9381971120225716,0.8917844773497507,0.9841787912687734
193,2.2514775935922584,1.7554511781395115,2.171209448817459,0.9058402018534992,0.8941191230472734
197,2.62052150753618,2.2286112202381156,2.221812460257393,0.949585042765414,0.9984723342160615
204,3.3484430142209782,2.703194408493424,2.7356658950229273,0.943475389028107,0.9940297259503963
207,1.95345709390481,1.8736792645892122,1.5522454576669653,0.9345576875787841,0.9061760450152088
208,3.1916948485145062,2.847819863760506,2.554162721719533,0.9351398678984293,0.9456390061622388
209,2.1203526872877525,2.000754940955316,1.9263300483338002,0.8922769413832645,0.9810483111965987
213,2.4785381742998105,2.2619436010025424,1.8966199870867302,0.9294544586920788,0.9121514902496256
227,2.1650788777554637,1.9188200560270467,1.7512764036456736,0.900707838289686,0.9543489785016948
234,2.4760068286932073,1.7926268476089928,2.4371067709856935,0.9256291661039004,0.8476310847228183
236,1.3656160998502989,1.1838372984118495,1.1506207450307038,0.9335770851580809,0.9857711928152016
240,2.0325245383633317,1.793256177980452,1.6510182705689391,0.9440062023068673,0.9587030855013837
241,3.4776600266462774,2.752466253325295,3.06520764691716,0.9218846774569582,0.9462428800660636
242,3.003732835329082,2.3652813707669074,2.6999981092002083,0.9329079565713214,0.9339193938346174
248,2.1605714508626184,1.8296374064129515,1.9250833807039855,0.9236917387939413,0.9745797411571787
255,2.1193267428870035,1.8453803797616726,1.8065513616184188,0.9361442603740905,0.9893675400053945
263,2.1850220083846916,1.9949357133749654,1.811260596208535,0.8863703512022647,0.9517431308774167
264,2.0152649263486975,1.8166162821495364,1.616317093362381,0.9139970095508876,0.9416536335322013
267,2.362246417255766,1.9039318011707367,1.9398113804078723,0.9343801846574225,0.9906654587618937
281,3.1091144563463615,2.7401533606273047,2.5559982772902385,0.9177542780189911,0.9652285100716118
291,2.161835984344626,1.8164691508992798,1.9193123010026998,0.9313617233711203,0.972470779828124
292,1.6091020180253226,1.3817174164210182,1.2954553194106,0.9226312055963709,0.9677786584870391
296,3.6703855011957693,3.4421726985663508,2.671376257304782,0.9439671452035325,0.8739199691005441
297,3.4051409855967187,2.708356806922137,2.934212037413702,0.9087129045863764,0.9599729774288381
298,3.1130137146276367,2.552910020564163,2.4699298295742365,0.9312233218941275,0.983479427283026
303,1.4461136239125996,1.1601054986747894,1.3246669327064522,0.9172833248109791,0.9337720300042986
304,3.0742611679302287,2.624296557431941,2.612663253632816,0.9276475979368612,0.99777861503261
311,1.713449459352563,1.4494877581395549,1.4600111834654061,0.9215964263345304,0.9963830798577138
313,2.172617831123647,1.8527118124796658,1.7994847003337622,0.9133316179370622,0.9854259999539563
317,3.1228532001380973,2.734429239031618,2.498345550910528,0.9341116711506952,0.954883652058777
323,3.3428605516782923,2.8962385186491093,2.671554034509675,0.9357339888820075,0.959645679684678
327,1.7431334187021543,1.4431206667334544,1.4785852751383743,0.8932291770107481,0.9878616776942997
336,2.6750769993843244,2.140876732851623,2.3179320949001228,0.9565454492750474,0.9602908828594529
341,2.648410614719681,2.377036043122327,2.050733711927499,0.9473225843090887,0.9263054880343127
349,1.7841675143882951,1.5668637265223893,1.399166742318976,0.9397296520716703,0.9434608019151868
350,3.1851519421415895,2.5041955660527213,2.8404353241584315,0.9421584529135856,0.9370883106780035
359,1.1230107824557676,0.9894348851354204,0.955525262408432,0.928254152007951,0.9825653894400816
360,2.2025776245268456,1.852055137704528,2.0110005705690748,0.8948285715353537,0.9588549985121547
362,1.8467456672883917,1.4627056546797041,1.7454473208734615,0.9216020452379663,0.911867773030678
369,1.878268017327656,1.4332810933448106,1.7716552753341714,0.9469613318976955,0.8944209359985413
375,2.4764204757947703,2.0537983381202887,2.0629352091775623,0.9213442730740742,0.9977805532098936
386,2.549143552065896,2.253926260131267,2.0385076028098714,0.9358502335695251,0.9498143328005075
393,3.052646871715415,2.6197822812713,2.5716508598935794,0.9157077979729205,0.9907286831845974
394,2.609701528377803,2.2522107539876814,2.163840960104352,0.9153211630001763,0.979988958552878
397,1.1649445840550283,1.1438609999430087,0.9598212627968363,0.9045254840747301,0.9125154304878351
398,3.651371719069009,2.9023224739622573,3.288063714614905,0.9417608022084025,0.9376870474794547
403,2.403060073308884,2.1164182648474994,2.0511089747767937,0.9232178350477482,0.984329007030895
404,2.238993521826439,1.9032763660112735,2.0225654844656735,0.9064452403148038,0.9696143851439386
406,2.6708276130823263,2.3372547029802493,2.272434084510148,0.9491779035098185,0.985938179027181
408,2.619716417485574,2.1226124256292005,2.2148063682741634,0.9302211289311396,0.9787445144161431
419,1.094530218830155,0.8444582866142584,1.1685934900174642,0.9209193014473092,0.8389831761080904
435,2.6058554409291963,2.2976429715664963,2.0964573139205087,0.9087475475008973,0.9542145958046359
444,1.9504166298968304,1.757125275374791,1.7397230267016122,0.9080604890397834,0.9950234476391654
445,2.041407411526874,1.6596727484012275,1.8769814991126148,0.9046988228540883,0.9385552741368064
460,2.3595111993004263,1.7967982194560708,2.364784139306671,0.899968141654363,0.8635168378550448
462,2.319662745384065,1.9541722395358985,2.110491156941639,0.9217480161783347,0.9615419772419022
471,2.4804421442887423,2.04664639631538,2.0861686449919525,0.913698306288361,0.9904369665030859
489,2.089087359086181,2.1631900704106153,1.4101982312022339,0.9133001723304046,0.7892779133830716
490,3.1004988556396613,2.2324790547077065,2.9878381540376977,0.9415477305042095,0.855303984580752
498,3.4612856158150374,2.809974162506106,3.013364446178689,0.9274615479356167,0.9650732513872281
510,2.3855177373231355,1.9027612911945888,2.0365661587395962,0.9305358993862819,0.9660335757193165
512,1.767176667788772,1.9361017469663617,1.4761359516562844,0.8893265921405679,0.8652011272556589
516,2.196651501063219,1.9529128151285189,1.9357129751796283,0.9209797020279301,0.9955768847720553
526,2.4678468880164246,2.0905992350619353,2.206907568013001,0.9078732630129719,0.9729358583288699
533,1.819559707241556,1.5546830189093108,1.590961399070229,0.9457343871591615,0.9884671071041717
539,3.11796120112243,2.3429192831557675,2.8154198178980034,0.942098497427604,0.9084006449584303
545,3.2343287538321244,2.626743457533886,2.8521837204287794,0.9196386663510469,0.9588532105698249
547,3.126718335047396,2.6699664839327375,2.5456982614103616,0.9401769148800158,0.976174039438917
551,2.2461764684438847,2.057732462026931,1.7791987907457303,0.8990832199839977,0.9274071770037773
554,2.2759349365809474,2.196419349432717,1.7016512123221839,0.914511131954991,0.8730735810775601
555,1.3465441198803139,1.0524297434467003,1.290022602382177,0.8925552140109212,0.8985708890263873
559,2.9302115940247058,2.475168982245701,2.4154595039499145,0.9374289870351273,0.987791041894856
562,3.0721683443026735,2.854793875328378,2.319506902318837,0.9020349119298543,0.8965489259298647
566,2.8300640156386736,2.5867172682524577,2.2454523508345434,0.9202951905001396,0.9293764614408562
567,2.757594422876056,2.288315714348151,2.382509531690204,0.9417437625657561,0.9798335813522578
585,3.3455027841239495,3.260787063026529,2.380651642697908,0.9418896017334216,0.8439874177068455
586,2.86268447150358,2.4143546006851473,2.369046731395107,0.9104572779915462,0.9905281062272197
606,2.0218777200821574,1.8226931445911052,1.5813818622065852,0.9286103938967246,0.9291110560423496
607,1.090431552884337,1.038935393825784,0.8878689837461224,0.9211314129853959,0.9215974325997587
627,1.8053999412497175,1.636185818290251,1.394324240671926,0.8922963972783418,0.9201911318845276
634,3.3982615864530406,2.6260564935709985,3.136316798722595,0.9326038347698289,0.9114496268691926
637,2.372800138978925,2.059562487176002,2.104020256817608,0.9006670770860946,0.9893222322275831
641,2.480423520598435,1.9123618989646052,2.205690145214282,0.9185571458792086,0.9287701459081087
656,1.9254182510807354,1.592837835544367,1.723296399172338,0.9169204657724035,0.9606594442823826
662,2.613675563869209,2.1588740901771133,2.200912753620279,0.9448311979298122,0.9903576333088455
666,2.2260734073959987,1.85987523115148,1.9766223188253422,0.8971349338464505,0.9695693569061271
670,2.773685541659681,2.3366763127958996,2.272241073857526,0.9168308653363252,0.9860194415450001
672,2.497793873598033,1.940004903503739,2.1693693138613885,0.9120321523625053,0.9441850758228792
680,1.4862376323592974,1.4408560675358997,1.1306431300883732,0.8705524791834471,0.8793649487683596
683,2.9276621741540185,2.5980667068769745,2.4089954534955718,0.9399474890360091,0.9622390840525664
690,2.238229155468907,1.909191881964297,1.7636075027092377,0.9192133823395461,0.96036146709712
692,2.0601777594046022,1.5958197812803896,1.7874976801347158,0.9029317192624235,0.9433461680612865
695,1.8650879956407338,1.539027334795479,1.7805105664141134,0.9189112096074947,0.9272539616039205
696,3.2322320974294647,2.8645877708702963,2.523672317718492,0.9183057991663619,0.9367299559511256
698,2.3730336012082693,2.018592855544185,1.9909832199159694,0.9211917922115027,0.993114076124607
701,2.347244230181807,1.9911806950462982,1.8940616739350944,0.9188626759384844,0.9750030984201725
707,2.7876584564560156,2.4183725214618206,2.1722100538111353,0.8861077575921263,0.9463766387785654
708,2.7871039861947153,2.3891193426153268,2.273445735549636,0.923427530329675,0.9751909935568736
715,1.1360845458455042,0.9879582180831875,0.9950019433068084,0.8952616443291888,0.9964478735575386
717,2.8794204056342383,2.0223191024454863,2.920496939786422,0.9354840288872408,0.8182862097907719
734,2.54604174752959,1.7947671176276363,2.5469889388556823,0.9202079871188134,0.8267471015316965
737,2.0890143606813396,1.8638774997717034,1.9845003716298208,0.9115756560227553,0.9686561777744065
740,2.4285649123844375,2.2517211312774164,1.9671339057182438,0.9119126684572956,0.9325439667721237
758,1.645911775172198,1.3908278132800989,1.4395686101155858,0.8862424848450479,0.9827795158188436
760,1.0164492657839383,0.9026680042885705,0.9936387166664647,0.90219538560736,0.9520274271178669
762,2.5684190556274693,2.077846115855702,2.320685567189259,0.9098968574248938,0.9447907918295483
766,3.187428578307554,2.6023389590241064,2.6939200220417283,0.9289488463535521,0.9827083487901508
774,1.9790127472273042,1.8355099984945353,1.4322169596048204,0.9321956905998128,0.8765830058444397
778,3.0859033446189783,2.751673291262149,2.4490807131403316,0.9239984898381168,0.9418175560955834
782,2.5242343015702677,2.089262228168186,2.163180518964265,0.931398411179112,0.982617451852603
788,2.5012667752370157,2.09106604572719,2.1585921633185605,0.9081829829775214,0.9841102238651487
789,3.148114273685751,2.557275372158697,2.9263622899517077,0.9424870680168596,0.9326930514860157
799,2.8333793161420453,2.5217824890267355,2.2212051112649642,0.9214952153623104,0.9366269948200401
806,2.19153281369778,2.1210417375799238,1.7886418142719969,0.937322101778355,0.9149803509927351
807,2.426899829145437,2.3146067644695565,1.7808231079507306,0.9255199074434708,0.8696635827868848
811,1.9852146362405794,1.6507125965609415,1.655881534419339,0.9046454978769939,0.9984367788565375
812,3.0572611087038037,2.5681312773920943,2.5463323465363064,0.9340775953044542,0.9957377874868832
817,2.7261933089180963,2.289728913063124,2.355133266300418,0.9251387312167536,0.9859189894744614
821,1.85799430786315,1.662317698859457,1.490466134988686,0.9145765361867487,0.9454921196861705
824,2.3284247669337104,1.7807996728803455,2.1672000020943187,0.9091461812650778,0.9021275681294343
825,2.2379012080204688,1.9030681328597085,1.8617345960562683,0.898657816354733,0.9890210617183276
826,2.629880380065527,2.3391950049130354,2.1143808375077318,0.8916226854852192,0.9495205256719947
827,2.0690270447076076,1.9093126402353646,1.6940882824450998,0.8952386954313848,0.9402718813675149
830,2.7148789089726977,2.4197381656062995,2.092376603785336,0.9268167575294348,0.9274483078219438
838,1.5797743270697693,1.301672445893279,1.400505231320056,0.904835866290671,0.9634247643076157
842,2.805337385817944,2.329686560755105,2.355453365658861,0.9428403306027033,0.9945003126249256
848,3.221284180339885,2.7232861803863844,2.8090522777081004,0.9401173962699135,0.984497315561699
850,2.1725602649335896,1.8232939797002305,1.8817124320831613,0.9448598556210965,0.9842325637555884
857,1.6587519838441278,1.2303684446847312,1.601335661323524,0.95294559017861,0.8689950634843232
871,3.294788985479312,2.9203832197095068,2.7040913278531096,0.9417936227450503,0.961544515842795
888,1.9137209592189346,1.7894402911095364,1.637879087890437,0.8964842365292776,0.955778500204051
897,2.9741872841162946,2.671946250286321,2.2862683475489973,0.9140360989638374,0.9222143585907506
898,3.1162125146789323,2.398423778840031,2.854271569977227,0.9422846667640858,0.9132164039858435
918,2.1039490329582575,1.6654740006642974,2.0300495436553705,0.9221127680671357,0.901346713498428
922,2.4870577743668254,2.197557453799695,2.027874857451802,0.9354302452807131,0.9598425477326755
923,2.0723688531068816,2.8221480894677713,1.471616792009127,0.9421890116218319,0.6854668723746906
924,1.4402349299583577,1.1655733312522378,1.4117864932410773,0.8977643690798915,0.9044707845412145
925,3.316641407832886,3.109244232802013,2.533740569158924,0.9458478841693554,0.8980143162102613
930,3.034772427815712,2.3275680942612493,2.716707499609743,0.9356252495363683,0.9228552448995224
932,2.6633587462536497,1.906031581210701,2.5487989494811454,0.9325771777368386,0.855714518466627
935,2.806869007638412,2.225655041867646,2.4692773602430975,0.9459418629492131,0.9481095152156133
942,2.2818429112797682,2.0595803897523166,1.8987626652564213,0.9438128103197884,0.9593724641191969
953,3.2267458997335567,2.6859512860512678,2.6568051691397416,0.9635908208837574,0.9945447416224246
963,1.5236419765132927,1.3841203627498173,1.2361982596584002,0.9119543967143208,0.9435480472388246
978,1.681868879372845,1.3833493456913881,1.354616734774555,0.9382067557811868,0.9895058557803815
980,2.9554717214807367,2.660718409023737,2.437436125211839,0.928837323923314,0.9562033119411165
984,1.7876837612821364,1.381617525835744,2.2462733830383805,0.9059691517711543,0.7616643171139419
986,2.1657446814653825,1.792389903901386,1.8237508646214975,0.9123466895240592,0.9913275055570024
992,1.7957978540139263,1.4734753430468033,1.7301274318947224,0.9121519822714788,0.9198864194851362
1004,2.525100864504628,2.5557502754683057,1.7526044679085386,0.9345848814227558,0.8135841045135783
1005,2.4590166336861357,2.0719196094664207,1.9626729910182996,0.935624298111378,0.9729225155384967
1007,2.1332948545999533,1.6529282604541364,1.9727512306987305,0.933738132786534,0.9117895084149042
1011,2.761979534897237,1.8245662116036756,2.805943803595047,0.9354930871128769,0.7880627428144641
1014,2.8769663477293443,2.207924094016921,2.5778923747655837,0.9279134207791466,0.9226948456628172
1015,2.2986061776855355,1.6487601832411132,3.0633320977483804,0.9364914441820018,0.6997996155096052
1021,2.934561015312742,2.6512657927150567,2.254781535340729,0.956654057006107,0.9191845836653496
1034,1.2696445321500165,1.1295484986989197,1.094189731597566,0.9102173555078394,0.9840994022499494
1037,1.788949483429664,1.5765389243496013,1.6070871799012423,0.9336733039035334,0.9904045718462817
1042,1.3115610633771762,1.1671493138331248,1.1322461993672446,0.9347084894724657,0.9848207434234308
1043,2.548910527557234,2.3987802758507217,2.1006242453185777,0.9016951162394848,0.9337343354816517
1046,2.112320574598641,1.737458200669738,1.8345987418947276,0.9082092158164521,0.9728054331756397
1048,2.1321014269171092,1.7304888805489405,1.787687564386173,0.9319181211620482,0.9837419513397124
1054,2.374574215899521,2.017791569731408,1.978117691972532,0.9061249820890912,0.9900713767104015
1055,2.2969546882809353,1.849611576562038,2.0122408502876414,0.9155782031125228,0.957888273359459
1056,2.122743859946961,2.1475347637719047,1.547329509703208,0.8997089603581669,0.8375568871697178
1060,3.196006376512637,2.5765585801715094,2.788236307446586,0.941533518414976,0.9605431835309068
1069,1.3108932239877402,1.1358832663588352,1.2014706251494294,0.9048726346956637,0.9719394829217447
1083,1.6676579426082117,1.2559756136493208,1.4867856418636274,0.9393427547878446,0.9158475686681156
1090,2.694744765511763,2.132500084922097,2.3413773890425467,0.9336275834544172,0.9533117960122973
1094,2.1183185816777024,1.8236918794714534,1.9109240310018412,0.8953236106541234,0.9766422696144588
1098,2.730783591359256,2.2300189806959807,2.172535034995793,0.9340606905454731,0.9869430459012425
1106,3.426343987643101,2.5531192455640213,3.121054918971583,0.9255231016442713,0.8999086638973403
1108,1.8400762723675215,1.733743588515113,1.3709341031494737,0.8900247851246413,0.8831410144957375
1109,2.939185399223424,2.463927380847892,2.4050716775067533,0.9195715802584326,0.9879121555301702
1111,3.8924559057921244,3.3251274074238863,3.031574930690752,0.9554827148916998,0.9538200058585408
1112,1.3313338108026522,1.0507185087945543,1.2310935665265146,0.9317328290276943,0.9209509583708465
1124,3.786659096983508,2.819179767445383,3.4092103508121454,0.9254557592065781,0.9052675615746704
1128,1.3992143944429019,1.127121701748936,1.251704343985073,0.9307908256163315,0.9476285193448452
1130,2.7707397484885403,2.4577009341647478,2.2241865487593366,0.9317338782934765,0.9501238792565837
1131,2.924974686776764,2.3267249096398843,2.6443559889397483,0.9498862339465376,0.9361042224457422
1132,2.7489075324392704,2.4687208388649244,2.258957063659171,0.9084950232055928,0.9556306966060947
1133,2.3305780744189057,1.898414391046696,2.1731993230423416,0.9100316298569864,0.9325120329944845
1138,2.868711795594904,2.706793486098575,2.1493449684751815,0.9045826802069836,0.8852074497385138
1141,2.2559228298675436,1.9367899248593614,1.9461976185960352,0.9216857289333115,0.9975772021848152
1144,1.7059422279888778,1.5612891753845717,1.5271329714257795,0.8887265225619018,0.9889405650085537
1152,2.9763888076672744,2.743999052262553,2.291566184333662,0.9306165576260406,0.9101525158207041
1167,1.7541985296686537,1.533640919055993,1.4170371733871443,0.905884077475734,0.9604823901436494
1172,2.307092445490394,1.995673826208498,2.0641827066392318,0.9124413574343968,0.9831252952225189
1173,1.8054730664022414,1.656191792059691,1.423058326070653,0.8906161570783255,0.9242888829925282
1174,2.249644510885371,1.740736226425063,1.9861620857000282,0.9154127682896659,0.9341474226767882
1180,2.133678444959327,2.0674721308447244,1.529999564713419,0.9317865712816491,0.8505971383194115
1181,1.2427092528561243,1.007981606422749,1.1712934753674205,0.916184625920734,0.9250613792130736
1183,3.00681024838128,2.7212229058429545,2.3232507391646147,0.9374601349900216,0.9211072958876084
1185,1.3031715385384834,1.0860280308982089,1.0889578386073722,0.9238828078428178,0.9986529532213332
1193,2.178035314738091,1.8420874004904086,1.9646726808822415,0.923411653724286,0.9677980020354656
1200,1.9864284636431717,1.7819362489210164,1.7985810360955803,0.9049799610492327,0.9953512898138441
1205,1.5150968873694193,1.3131121973245852,1.2577746226818958,0.8908417576792667,0.978475297235158
1206,2.955502027709341,2.3776792011971586,2.5269486199770546,0.9311989387825594,0.9695655971824261
1208,2.147177103685188,1.5831861307908957,2.0696173302284544,0.9246073672545129,0.8668334596622903
1215,1.8750030670738738,1.768394270145394,1.5328825644424073,0.9019165061232063,0.9286604191337402
1220,2.6169506870885204,2.3768108393180922,1.9686735181696813,0.8930330340749912,0.9060778298637429
1225,2.9416249931978484,2.315528624229703,2.5030279281062984,0.9554575223525741,0.9610880765141799
1235,3.0941596761136725,2.7328336249306933,2.475330567551959,0.930496951491436,0.9505578073459342
1237,2.1941686917772416,1.9470230389592895,1.881263339512167,0.905588637469655,0.9828226801900387
1243,2.0468837503900223,1.6193324148515664,1.9420939342058918,0.916629182016944,0.9093729624818031
1246,2.9302132941981696,2.202636343064119,2.50496692283056,0.9360480015773249,0.9357782373130835
1248,1.7583448050221515,1.457634980580062,1.441264054848089,0.890226709029168,0.9943527092417156
1256,2.709753202537368,2.3535950133931216,2.205830100814324,0.8862759968657121,0.9675913281000377
1257,2.8067331558403943,2.273129560506866,2.4641945050462812,0.9304696423056831,0.9596681709134658
1260,3.025820713332528,2.706202821902351,2.420811703893661,0.9331556952856634,0.9443358085738249
1268,2.7516833418074027,2.476231598786821,2.076763351193485,0.9401775203825584,0.9122625322492256
1269,4.557565700662326,3.8939390853368487,3.685276006177836,0.9467662308779574,0.9724690384638085
1279,2.3199337835410128,2.0091199018098025,1.772601453905951,0.9389535008204335,0.9374574629761196
1300,2.970918565403634,2.3909347095759914,2.6738908047224244,0.9407193375301073,0.9441331010618974
1307,2.286983058181915,2.126840024072092,1.9162917664880277,0.9193640982165586,0.9479244633885913
1308,1.9827303990988805,1.6431827634833571,1.6953311108893905,0.9319650427097066,0.9843797721476203
1309,2.4788311652531787,2.1745719607006735,2.100098424269128,0.9439332499145401,0.9825779464322202
1311,1.6515709017042206,1.4161067513684995,1.3878328754087181,0.899453906822786,0.9899163749141494
1314,2.9020991433231567,2.4159766568897028,2.452454929407527,0.9366959681789686,0.9925071818569873
1316,2.2753029066953907,1.7044092345281359,1.9649330592741487,0.9200037295339523,0.9289998577712274
1322,3.6232726578432084,2.7341752944454543,3.2010844198683968,0.9488896670416452,0.9213329916638838
1323,1.5881782214853926,1.5394381376555413,1.2402310127698049,0.8985812733888969,0.8923587273543142
1336,2.78935353858349,2.6069819501398057,2.157412874285374,0.9390910861524278,0.9056398362390817
1339,2.9871276001626765,2.2639358471480575,2.71453026128526,0.9499717642841344,0.9094913163365893
1344,2.3507343550734436,1.9299281766860714,2.0660821116919346,0.8895516218164734,0.9659275314175608
1345,2.4062738707903373,1.9134527567847452,2.1108514248711434,0.9307666047638556,0.9509483728923358
1346,2.428831263875673,2.2741813564255913,1.8557697844934518,0.9223994389535786,0.8986884934820246
1347,2.281002010989181,2.1674067183939933,1.6834855727286056,0.9359049341172481,0.8743353204708001
1351,2.1061101660956543,1.960216125981934,1.655391919757037,0.9245018716510212,0.9156921318990494
1356,2.2064116496877566,1.8923226023192043,1.8679301604422762,0.9301393334694092,0.9935130845142935
1361,2.837442974982871,2.3546648314022733,2.357738143682557,0.9315009178997411,0.9993478248153792
1368,2.11601982791581,1.8653626126321443,1.5160362372831107,0.9411409223350167,0.8966917566208469
1373,3.009179218184771,2.7395577786637215,2.3461321145746585,0.9094579062277552,0.9226406500694945
1379,1.3862487209433407,1.2057454782806067,1.2193495607261953,0.8929681396956124,0.9943902889467128
1397,2.076562571770268,1.7636529300125705,1.7883586871609307,0.9011663168274815,0.9930445731007997
1403,3.0493882184160386,2.982899326646126,2.1467036941975004,0.928326450951293,0.8369862874279299
1409,2.039670524048776,1.7879812966243902,1.6711995558580184,0.8862184607398629,0.9662400592086517
1419,1.1903378001207023,0.9893829658987042,1.0278599606605112,0.9334812088640362,0.9809259488506737
1429,2.470409979968148,1.8054143434418877,2.4261186187316053,0.9143520727063112,0.8533145597970486
1430,2.747998733277724,2.213613733270287,2.396018920747858,0.9292941956726037,0.9604295610587167
1432,1.9122574352736668,1.858008332207605,1.594169884927726,0.9180944217348675,0.9235733410371796
1434,1.4228544746192515,1.3243427928911506,1.182466042864932,0.8764838180910941,0.9434034426548418
1436,2.83108477358326,2.074996720670987,2.591180326793068,0.944449859395916,0.8893776209364765
1446,2.210791843998558,1.9140556184180229,1.9985794636205443,0.893397086433154,0.9783972071429461
1452,2.4452809171698897,2.414697399267677,1.7647019596290836,0.9250893223459058,0.8444763508289925
1461,2.7566224471946668,2.215691368083048,2.3919836018315346,0.9558031463438537,0.9617394380246933
1469,1.4047893849506239,1.207418577022441,1.1224245050905748,0.9100784306315292,0.9635194006908044
1474,2.1915668954416616,1.8075593053055627,1.8732200489864876,0.92809671268212,0.9821611845316509
1480,2.966381134693378,2.292559562743967,2.657859402738268,0.9292126669601313,0.9262082982185094
1481,2.149395532274786,1.7651557796904829,1.878834572917634,0.9073510806105767,0.9688037611993711
1483,1.70370761280089,1.5804356937127895,1.434615591619676,0.9101236231627501,0.9516359463593554
1493,3.05769114050031,2.752168026172267,2.332049405343824,0.9334865389381573,0.9173680853568126
1507,2.2120366496250354,1.9995448357731218,1.721233618670303,0.9386370398256787,0.9252008093170787
1508,2.0602862770024144,1.7522913248687746,1.654571947031798,0.9345553045775314,0.971316906480235
1519,2.793869663154219,2.4136018957345406,2.2615413837109055,0.9456243118338812,0.9674746841038694
1521,2.1181832711183413,1.7926449485818077,1.8286088151139333,0.9117035526812675,0.9900686698919929
1524,3.055325326481436,2.469266553826629,2.590635163537012,0.899497354786422,0.9760136428551779
1534,2.735937010616678,2.392296331636529,2.1492684074316433,0.9148331931696075,0.9464880634389571
1537,2.6048717477265804,2.2161083647843522,2.205583281143005,0.9504379240132583,0.9976196703695878
1541,2.4155783814799143,2.367433300182166,1.8144962153919735,0.9221145547598077,0.8677794346530779
1542,2.5584821975772507,2.162832233716921,2.0855955282798604,0.928534083721859,0.9818199320398098
1550,1.6014142663359807,1.361184384254587,1.3642349917195884,0.9217403367806236,0.9988806832842336
1551,2.508518359228577,2.104000771124032,2.1576333358954325,0.9373665692025402,0.9874150235743935
1553,2.0381813291331876,1.455377800285391,1.8851332978430717,0.931855889304513,0.8713503757558377
1559,2.970568320838221,2.7586749848658654,2.1945143950253163,0.9399095998052394,0.8861015506229355
1560,3.5341404329555113,2.811799182388537,2.98324260479654,0.9302705396631564,0.9704154985064773
1562,2.945996013685097,2.302287573763085,2.585770650387844,0.8920798243925538,0.9420049713761335
1573,2.4246748740344533,1.9759632594098393,2.181549046524549,0.9244623269189636,0.9505507688284509
1580,3.4728524551327014,2.8952743738926716,2.7349003302172816,0.9280869016866315,0.971515263361487
1592,2.4348601168976938,1.7621234745722925,2.348941339889626,0.9367871359859288,0.8572589117901952
1593,2.7044214554626502,2.202896359927437,2.358153586141457,0.9264155586566309,0.9659602003815297
1606,1.9757106788596024,1.632019745368141,1.8105494959451425,0.9291657358597911,0.9481405490891752
1627,2.7265659858516225,2.4430070886016506,2.102629318248239,0.9243528751235164,0.9251198864386754
1633,2.508210731430157,2.1078710305954633,2.037480387654305,0.9484700678848084,0.9830193786149792
1636,2.034677086388645,1.7952389569414118,1.5734231127363967,0.928804832657279,0.934153132722443
1642,2.3772820537256685,2.064280763281285,1.9285379472415483,0.9308809267192905,0.9660032608838476
1648,2.643616093693927,1.9334780719625635,2.5866613992130554,0.9362606027927652,0.8554948732410221
1651,2.038614172287416,1.5015990959212078,2.1011001806203984,0.9057284125449552,0.8335966899589025
1662,3.151083879706765,2.6181075730592434,2.5888639686207475,0.9368750766659564,0.9943837595031179
1668,1.889661508275901,1.6588815638230205,1.510409970544998,0.9514690668526795,0.953153065387647
1678,1.4927993466007021,1.3322632885586265,1.185577076567759,0.9150048078097627,0.9417412580946114
1684,1.6908172794253966,1.6905151949296549,1.2862406493592753,0.9146831722062108,0.864189551741033
1694,1.9806937866390129,1.5063538044796507,1.9673390044700765,0.9216667051911456,0.8672924678881422
1702,2.0597258117565325,1.9657707644650058,1.5621384923904766,0.9243327444032525,0.8855888168636465
1704,2.6569624836296484,2.294098132474405,2.2525001495124144,0.938662476681319,0.990850745902316
1711,3.177947607973896,2.6410292285661705,2.716265659305627,0.9473025813729354,0.9859562648101038
1712,1.9422030757248072,1.666848544752019,1.6377981809191886,0.9184191135366874,0.9912092377054524
1715,1.8638398525313369,1.4374861836815693,1.652168001289324,0.899433756382733,0.9305159073620477
1719,1.5679847846128177,1.3749488828986807,1.3843802419325313,0.8940248685495765,0.9965820101165251
1724,3.092981068510986,2.4945572800270015,2.6747329020572117,0.9090238034508555,0.9651449975366705
1727,1.4135944357176096,1.141400495613743,1.2799993741820495,0.9026125584262494,0.9427608466089513
1732,2.803771456400278,2.4147931420521624,2.3258938979529487,0.946887366447774,0.9812476032800684
1749,2.344661310834129,2.133613137814941,1.8587417372935973,0.9231383135744735,0.9311505592263085
1760,1.0231773917479736,0.8855089978952331,0.8307003505621631,0.9266492612913664,0.9680641249377098
1763,2.7884508042982388,2.409562161027551,2.5002212741053014,0.9281654365296306,0.9815350077502355
1764,1.7850357435349988,1.347027683850731,1.616423042690588,0.9294618861499899,0.909094031350988
1768,2.6952444770306556,2.235673463052055,2.2361012021995705,0.8951287551065856,0.999904346891439
1771,1.9621693553519957,1.9151979181221066,1.5129570360013465,0.9011496591901687,0.8826654898907248
1772,1.063839624702273,0.9262442998000034,1.01675178337706,0.9369085018911609,0.9534185970004301
1776,1.6957984270435371,1.6995603308622866,1.2955533072882481,0.9059148427150563,0.8651112871218101
1791,2.312238046882939,2.0543451903675414,1.9146701131142183,0.9255500307037186,0.9648086322240191
1794,2.0282309234093434,1.8447476017898508,1.7602345982099517,0.8872059314555563,0.9765566100215686
1795,2.511890030767039,2.3211827777285388,1.9823236339824954,0.9386551273768717,0.9212597562713247
1799,2.7321191941334395,2.237546329807888,2.360350559156137,0.9377954213826116,0.9732912171991055
1801,2.44706388116912,1.8693413616385004,2.1769090950781127,0.933154796184722,0.9239869759102375
1807,2.0286536316798838,1.6025658337764517,1.971433225623523,0.900572844057802,0.8967914132834162
1814,3.128145395195318,2.321107192854699,2.9003021847108186,0.9086641182836147,0.8890730548068673
1818,1.8868762378460138,1.4527088142535678,1.6890772979016992,0.9383884636076566,0.9247662077524487
1820,4.0822909017904205,3.5686245233727765,3.093426575109006,0.942237722222143,0.928670924128447
1822,1.682920343869322,1.473496720473737,1.365570875241474,0.906415757886291,0.9619854612143975
1833,1.834219811154931,1.5575235328956831,1.5392951706158553,0.9241842172718906,0.9941138426155983
1848,2.0413587731922513,1.5889665391801546,1.9353679586968517,0.9119135066493411,0.901711537390857
1849,2.0447436442046762,1.6248621581177571,1.9483520666476954,0.9036838375175108,0.9094680900216184
1853,2.561005465737436,2.083289666511969,2.2751753516671296,0.9207585945214928,0.9559740219653461
1854,2.510685690024199,2.277742107507087,1.861408133843241,0.9313717003713682,0.8994155927212674
1864,2.7915778978153116,2.4548150288129924,2.2289318591666993,0.9517035440673879,0.9517729768391207
1872,2.1833868095113957,1.7768443702012122,2.034068969749627,0.9322499217405034,0.9325031622073745
1875,2.667136295784205,2.193961520631426,2.318486315399611,0.9223596905106948,0.9724041586090196
1884,1.9910507525844379,1.591553202767479,1.7167392846232004,0.948658660530536,0.962159911092245
1885,3.2921864980180855,2.7707897177976735,2.731525938511017,0.9321893198315276,0.9928641354405688
1887,3.4774591532710515,2.8506565762466263,2.8889391291573685,0.9278108286956479,0.9933300959029748
1888,3.16760697585136,2.3605430030421912,2.8761390176020645,0.8938419459472172,0.901541469860635
1890,2.7564122746674977,2.3525177620360855,2.2527762319236992,0.9237302936087194,0.9783419841940155
1891,1.1488291300753632,1.0211387952204094,1.025346503306893,0.9213671055340367,0.9979439343690808
1894,2.1613989931680475,1.863941099437255,1.7853874466157869,0.930287037763299,0.9784744914495495
1900,2.7812273272344115,2.3522914430660995,2.351178282162368,0.9040841874330947,0.9997633319721906
1902,2.8973364204153516,2.317099511611374,2.542159460756544,0.9225234458921178,0.9536843065115548
1908,2.9711743912352535,2.5370864342654005,2.547375765789345,0.9239205784728102,0.9979763186116648
1910,1.8374339460299316,1.6293394446537046,1.7388667491559187,0.8785035432342913,0.9674820072763025
1921,3.3333818074675925,2.4978764408673655,3.140766910691697,0.9487871318250165,0.8859849027964192
1924,3.3098269101478857,3.089234184915504,2.5832741623942552,0.9135591567997076,0.9108048870899934
1927,3.3824150590260045,2.8176197961074076,2.8897021629206714,0.9315875861168768,0.9873701944045331
1929,1.0944979721095753,0.9960647507538932,0.854605721373813,0.9118892180060636,0.9235633617596732
1933,1.9059707399276216,1.4775925692075147,1.6974216778279387,0.9195777267077125,0.9307627961588893
1943,2.264088473124766,1.9327107012749656,1.9142238740377853,0.9450794840700113,0.9951944004049829
1954,2.5730690712494115,2.01483311589052,2.2728295559448366,0.9194848167543259,0.9398281861702801
1966,3.4594381252003488,3.1099685092150358,2.668627727279447,0.9341976474961067,0.9236249144475055
1970,2.91901515734536,2.446146544184443,2.3006944473668196,0.9258955556024119,0.9693581274206344
1971,2.9764427073776116,2.7684810156188906,2.441441869788362,0.911744097833395,0.9372276417475296
1972,2.6752618764552736,1.982399375206044,2.4587845062470937,0.9279325894213805,0.8927346527959616
1975,2.6128497388204197,2.1727070425085038,2.184425796888683,0.9179851324933315,0.9973104436306788
1990,2.585939550867422,2.1126400073772107,2.382766027513227,0.9192072062712471,0.9399106514429458
1997,3.113793964725785,2.6160415624131996,2.4931035242207824,0.9309104076581942,0.9759376498205081
1998,2.6487438132075436,1.9424760727395916,2.443868743014253,0.942060976792719,0.8856923722745469
2003,2.4116289910450464,2.1038056676953776,1.8955739878061624,0.915599450929343,0.9479340053143561
2009,1.8683662448093215,1.4538715291022668,1.829596432485443,0.9184408093363268,0.8855707112788469
2019,1.667922118762708,1.5043328608489293,1.3216862195336372,0.9114057445336785,0.9353696361842799
2024,2.427257437573686,2.046069435709135,2.0888823350743735,0.9274894482381356,0.9896460946249136
2026,1.8892280887605977,1.7476315599026595,1.5591246952157676,0.8916047319492834,0.9429934200940551
2027,3.074294140980452,2.47642018156315,2.4789384244608486,0.9442329473130415,0.9994918141959217
2035,2.1356892386092166,1.9959696967052345,1.638783140301503,0.9036429229464396,0.9017301664181714
2045,2.894613171091884,2.45561269460343,2.28003965458649,0.9406561627608656,0.9629252683535832
2048,2.7104645684988653,2.0433601693545924,2.5020668301634976,0.9293774283306582,0.8990839230599155
2049,2.4986749773262305,2.1368610890611452,2.0105926588011833,0.9393186360204215,0.9695551926709145
2052,2.0871858995702524,1.7059109530771555,1.7189820280407948,0.9188130456216473,0.9961835084962647
2055,1.6162176295983017,1.4314564809234842,1.2777475874628084,0.903589971700923,0.9432641877168629
2060,3.368314743410493,2.757013420772844,2.897082730965608,0.9522700315853292,0.9752269316909834
2063,2.3596536130902717,1.9280721637764415,2.1216894922113054,0.9260670271029761,0.9521904386277665
2067,2.4536527831427817,2.2038497700821673,2.008022551980917,0.9312208506215414,0.9535058987720385
2070,1.7462048923459574,1.7085901660831628,1.2875574324342383,0.8850661248696199,0.8594753029332513
2074,3.1032697095419493,2.2721479657669064,2.8487698117865694,0.9410471282126267,0.8873987298630003
2084,2.4424413969719763,2.3372570693734924,2.0222364604308103,0.9274774372112444,0.927739172729814
2090,2.721613116252941,2.353000260933279,2.3355684228637688,0.9242015159693465,0.9962820555173368
2099,2.6349911569523736,2.292235784502223,2.35763229956395,0.9328893621168919,0.9859358343334894
2104,2.386832004330834,2.2664383029098607,1.8310190955122183,0.9217427635526779,0.893734292987324
2105,2.8849382998471396,2.468452399465116,2.3146458176558977,0.9085108216254331,0.9678437333235871
2106,2.2268091572629563,1.9250633754776925,1.791425003108892,0.925877657018822,0.9640417623424336
2109,2.260458398605127,1.792789654838798,2.046377658385714,0.9287036688128055,0.9339471341419794
2126,3.0301541987305445,2.5248455437287918,2.6965504716882185,0.944607857595217,0.9671151302348183
2127,2.8934047300366714,2.3840440028518093,2.664748391670228,0.9339934223505495,0.944401677295548
2129,2.1712542629604,1.8681774969204998,1.930316844483222,0.8975066386015395,0.9836410582779074
2132,2.747841455969888,2.11342951882985,2.30801763125743,0.933960326530795,0.9559899494843587
2134,1.3516071843975872,1.1281071822748079,1.1350467977307348,0.8925617594742421,0.9969336529828563
2138,1.2086983222555454,1.6276287857360716,1.013477572889604,0.9104441092129634,0.7674644147363884
2141,3.500895915235704,3.0134924693113048,2.7901959924025124,0.923153586881787,0.9615250752376095
2147,2.2601277865684275,2.0702648910362353,1.9235676806527868,0.9302176431124796,0.9632690635497999
2149,2.3199831068482806,1.8489184112968553,2.0055114810066765,0.9432241246170356,0.9593732214399582
2150,1.8241727891415227,1.7217261495752854,1.468049165823739,0.8985369427090977,0.9204718330702196
2151,3.112590079256941,2.397392646957376,2.752820058962887,0.9191527300966884,0.9309878188920352
2154,2.3193556176209373,1.8502862380977654,1.9356037310595182,0.9232638112056943,0.9774643495566925
2156,3.205845751914319,2.5736757687513263,2.7673999379324035,0.9295685644668081,0.963729372167735
2163,3.3233550748202654,2.9212264472638174,2.671621291775316,0.9410213824793267,0.9553706506711759
2167,1.729556661084907,1.5677415518501399,1.406369749161765,0.9276910630382245,0.9457411689221348
2178,3.3191079022448116,2.6001110327200005,2.9129448008728867,0.9438956236136217,0.9432558316847282
2200,2.602952725922877,1.9611693568074555,2.363705211130479,0.9219450529683566,0.9069254268534892
2205,2.187241385827751,1.9912520532165117,1.8163743030290402,0.9097464156305954,0.954071714547142
2206,3.419250599456494,2.8424268398990087,2.9910767901387834,0.9357830623798167,0.9745178953049162
2209,2.3132578662584735,1.7417924110148064,1.9973375814835685,0.9397009324571406,0.9316565160929282
2215,2.9835688322627307,2.4612766414685727,2.565936204073513,0.9296661986266704,0.9791813941799286
2220,2.0196550414251493,1.619873609796567,1.7518021365313883,0.9302383976795763,0.9608715260123982
2242,2.4142728666943034,1.78369559875961,2.309746053246911,0.9311860670284746,0.8714894459948044
2246,2.8742650565662053,2.428173254393768,2.485154986367336,0.940434683412589,0.9884026205493771
2249,1.2268846659337154,1.167636329541251,1.0676719813022904,0.9495703163337542,0.9552793913242165
2250,2.702609274301372,2.528465100707175,2.138308216933618,0.9265144424322117,0.9163968641247838
2253,2.508005937086108,1.9173272411113143,2.2981492395823784,0.9525861170254996,0.9096609837072566
2254,3.2335769655756104,2.4793911648696043,2.761851652652878,0.9220942673876726,0.9461081087792853
2276,3.009885988960365,2.7296227455520534,2.5237686271731863,0.911853876457517,0.9608150042946298
2280,2.793771530601849,2.3571633000517314,2.374287290027644,0.9190314621865177,0.9963808160626644
2281,1.7280430553546744,1.338448682105818,1.5181894401718885,0.9270950469160243,0.9370796193384283
2288,2.530478857281909,2.309798918562761,2.0138323543686663,0.9573257465654169,0.9315467611572184
2289,3.112037990496022,2.5683452308861705,2.7159550074378522,0.9430877840010397,0.9720663531793383
2296,1.357967380509372,1.3073548755928814,1.174527484907091,0.911393556964528,0.9464811899227035
2299,2.823025357084938,2.5508396983928066,2.221946520648319,0.9069997268457508,0.9310898995575453
2317,1.5713087552775116,1.4035213366948942,1.21212015304988,0.8988838669095207,0.9268243815540292
2320,2.8722200111254024,2.1450905702450376,2.6674400534922356,0.9376254970825934,0.8914605383141321
2323,1.3544943970618868,1.074401444016063,1.2381882715045032,0.9220720476942537,0.9291760114692149
2324,2.5344713018889657,2.093172153479907,2.2170858759906342,0.9152623601283489,0.9712514374630262
2328,2.178558843647534,1.8723843228620989,1.6073223872334612,0.9354282954554595,0.9238263573020042
2333,2.6755096759458366,2.124171802697576,2.3715137139063485,0.9229390065096956,0.9449823813753733
2334,2.5078602603719755,1.849364924198649,2.480197788089417,0.9194989196322513,0.8542964022439605
2336,1.5431652306364465,1.1882373322312219,1.3939228704623965,0.9300995626172062,0.9203436184878805
2337,2.7626189780495967,2.3831445529667774,2.1909303345845026,0.8972554908033843,0.957977465802888
2342,2.5524193256525067,2.350756243814449,2.015307138237605,0.8913068855536501,0.923168979416148
2345,1.088184403755792,1.0678992737456323,0.9017235780611915,0.8969259073621565,0.9156307028363322
2349,3.009500983268174,2.635868712024803,2.4044644094033414,0.9303339645453415,0.9540894823721702
2350,3.1888973057165133,2.6482185972618044,2.5982805730631013,0.941135917930148,0.9904816483187187
2352,2.4406431344532202,1.7472703494818111,2.218348781274243,0.9317340566584751,0.8812093606925334
2355,1.824317349441564,1.465299770290377,1.7755319387679767,0.9015804174277382,0.9042739036369958
2361,2.9580750764244286,2.660158739377097,2.3658758462664555,0.9377515577740386,0.941448295252238
2364,1.2553251872520226,1.0716250283687638,1.089518423329465,0.8758325452567688,0.9917204038692385
2367,1.2874126978102316,1.3817145466054834,1.0118420831499009,0.8921079093522624,0.845471605368542
2368,1.6257272068043285,1.2894513627956927,1.6267461841314554,0.9074995401038849,0.8843374579711938
2375,1.8887558455367004,1.6814535530803505,1.5990789341897091,0.9215452523607763,0.974889863395564
2380,1.4213011055784193,1.1693504099828906,1.310663885069702,0.9365213789022773,0.9430190884912562
2393,4.048910172825375,3.23954894468824,3.4987421532400127,0.9387556272824702,0.9615342814988412
2397,2.427109811308471,1.8207500204640823,2.2827123692839772,0.9449119368881775,0.8874213274199747
2416,1.851865383549615,1.4603980672027925,1.5925616349003617,0.9151273018433328,0.9567096913835702
2425,1.7715175074516682,1.5206365358028096,1.513550597803289,0.9304144712063971,0.9976646338253043
2426,2.1568498484716696,1.9702046848383525,1.855466502016112,0.9135491180751879,0.9700083522032691
2432,2.1659173148850925,1.8039468559912075,1.8739570086361743,0.9083703056219344,0.980964659430526
2436,2.6235541820776898,2.349111038720511,2.1527059413359875,0.9269591070032284,0.9563720386113834
2445,2.4369540621564005,1.9517421794175938,2.141742546055341,0.9436060564426095,0.9535846889923851
2447,3.6869620532310288,2.8811038412575725,3.2599305973928567,0.9324812279091463,0.9383122241179719
2449,3.3527119328660477,2.6873289129432107,2.889076442502144,0.8938255911629627,0.9638212223288383
2451,2.724357080456087,2.207235438445038,2.4632171514277945,0.9268841436375074,0.9451912404511258
2463,1.8983640051047566,1.8453713762536477,1.538011402135093,0.8894978670985074,0.9091560150740828
2467,1.8470793613197511,1.4379604262152315,1.6660450824517419,0.9215479055134298,0.9265192488867514
2471,2.575443569315685,2.2424809975232685,2.1636510527425346,0.8929213942761756,0.982109037159706
2485,2.2055599995631248,1.6070728751400223,2.7673108882465263,0.9226493128233784,0.7347653804822387
2486,1.9111670288449236,1.5845862275619362,1.6480504611281885,0.916869924973898,0.9803676565980051
2492,3.521095619506261,2.897116569757153,2.898345252290862,0.9338014793797225,0.9997879922995896
2494,1.7464534867521566,1.4318542811585842,1.5157361351916152,0.918340155921097,0.9715422286733798
2513,2.5658725194232153,2.1620663711567927,2.130093885748358,0.9198825703621876,0.9925509572115817
2516,1.9449014390730304,2.024404809977633,1.419370378028526,0.9152331783663398,0.8243107058624801
2518,3.2319727455792506,2.527361269217611,2.793288801839112,0.9401882971728026,0.9500197289673129
2524,2.325382807398088,1.921758219827162,2.102533380356545,0.9456381132868907,0.9550790105465691
2526,1.4578140312639163,1.2192061256618603,1.2463154954054179,0.9271548492590396,0.9890046108247785
2530,3.2890209776083426,2.9167860289604426,2.543956371837146,0.922204947145536,0.9317254633602857
2533,1.7243745536368227,1.3913001250806052,1.5914480062389165,0.8993150231424081,0.9328981622495329
2535,3.5044257308008344,3.033001062704887,2.6279717714070565,0.9554679162212472,0.9284523520662029
2541,3.1728861405421167,2.5875303553278526,2.7480875624676013,0.9328606377159451,0.9699084136807744
2542,2.837782190235154,2.4537069180398574,2.203151859677808,0.9219531998731234,0.9461965521563772
2551,3.0029684708634954,2.2867188919709975,2.768816049700281,0.9021916945697892,0.9046397338181763
2555,3.0324752688676706,2.6476920955278884,2.428377215408724,0.9149492644904147,0.9567943487992489
2564,2.347911965791924,1.9927954387368891,1.9592216656159402,0.9194923582894963,0.9915046488326252
2565,2.649230488894927,2.3335334843961295,2.198545671446094,0.9185268173806966,0.9702150363424202
2583,2.824726762072459,2.395209302627385,2.330893963108561,0.9381726654437064,0.9863914654626555
2599,1.8089128043116205,1.2994404899797718,1.7405194066852836,0.9328024483490445,0.8549063370245802
2611,2.0254726498090343,1.784933875771934,1.716680102895779,0.9270548733175064,0.9805079105543998
2659,2.45836800666574,2.2459092017559077,1.960971714703088,0.9455045841422669,0.9322687062669089
2668,3.283717514114489,2.9612632458129,2.673928323903346,0.9418662443029108,0.9490106204279365
2679,2.3633913144060545,1.966758599545346,2.1943921668290494,0.917083610072932,0.9452955251890476
2681,1.9318371771266596,1.7534375048798927,1.577469618520552,0.940386152117848,0.94717118195127
2688,2.8106916242884306,2.2507779333632776,2.343498134093216,0.9107843520113903,0.9798183218926
2694,2.006128866757217,1.5510538530520195,1.746358699692325,0.9262339490422616,0.940770272595172
2749,1.8845392979344229,1.7102037328285336,1.579325981325236,0.9254038708624392,0.9602138412247279
2756,2.1676669143260874,1.6654457263450773,2.1237681849315497,0.8964369244084623,0.8790455040760529
2759,3.091394548289758,2.41820991664163,2.7084392539187174,0.9279458169883734,0.9433881025166064
2770,2.141116067661684,1.9095228761484857,1.9354863691140394,0.9021329549177405,0.9932474823051353
2806,2.79073881147685,2.5969507868266715,2.167710027313648,0.9403111188269809,0.9099115810638305
2814,2.242940261343544,2.0782412351875843,1.4831320310171796,0.9401562693371533,0.8328989522615828
2866,2.825093386006846,2.49889057696764,2.3185956484747514,0.9226188534470763,0.9625748948609952
2887,1.8108520336454093,1.7457287507415302,1.466204212509156,0.8915088264462201,0.9129731095167449
