sample_id,K_H_cross,log_knn_radius,local_label_variance,local_evaluation_count,r2_G,mse_G,field
0,0.018409484316046477,-0.6934431614192684,0.03018922199743173,2048.0,0.23863376880477594,0.02298505417490055,smooth_fraction
1,0.027592433196754564,-0.5463986608567116,0.009190389985477963,2048.0,0.05807791519395433,0.008656631295302007,smooth_fraction
8,0.03174145218784237,-0.34079673550714534,0.046150241799464864,2048.0,0.2064441262761788,0.036622795453739955,smooth_fraction
11,0.02909703044841653,-0.6233459042053935,0.01127873956719835,2048.0,0.1451466878020844,0.009641667876437195,smooth_fraction
16,0.024801922770464245,-0.49384145228166476,0.04924115668865719,2048.0,0.30991230823223626,0.03398071615925022,smooth_fraction
18,0.024159531040015697,-0.6647120349634996,0.03259309749064342,2048.0,0.3110131777388139,0.022456214667727452,smooth_fraction
19,0.016726139041649185,-0.6801415116093494,0.020344663007896564,2048.0,0.25856914290464006,0.015084160931261014,smooth_fraction
22,0.04458245513766817,-0.35245908299031536,0.04468522666733822,2048.0,0.17343487058544615,0.03693525016320709,smooth_fraction
25,0.022673802132395168,-0.5991005284888595,0.054121841043003285,2048.0,0.3236527783644818,0.03660515681923443,smooth_fraction
26,0.019790274739566696,-0.6300767409452693,0.014803128816217757,2048.0,0.13360356065016277,0.012825378097608036,smooth_fraction
28,0.02137312419225435,-0.6914869012995923,0.00978469752728718,2048.0,0.09470234724467941,0.008858063704373873,smooth_fraction
30,0.03438518884701256,-0.5485804541225677,0.035671410663136546,2048.0,0.27974346973126696,0.025692566474021815,smooth_fraction
32,0.01981439821948261,-0.7041498884644614,0.016799653409962652,2048.0,0.21882707122146006,0.01312343445672491,smooth_fraction
38,0.023023505868899338,-0.6051127166693007,0.019382981851330368,2048.0,0.32196264130082664,0.013142385818190055,smooth_fraction
42,0.017650420896457734,-0.7416743946703287,0.022579082947534784,2048.0,0.19609513683886393,0.01815143458724189,smooth_fraction
46,0.015484370483828383,-0.571047396854663,0.03786189623822172,2048.0,0.2841234770675515,0.02710444263064732,smooth_fraction
48,0.01778713035636717,-0.7424189857633153,0.014754782245185002,2048.0,0.09909952105263264,0.013292590391451281,smooth_fraction
55,0.018841415304581104,-0.6515362364779997,0.020551776360089487,2048.0,0.21087706609246648,0.016217878058285305,smooth_fraction
58,0.024348679130171948,-0.18696311624588854,0.04460200849848969,2048.0,0.3295589648860391,0.029903016745889112,smooth_fraction
74,0.012821946220980587,-0.708107658870025,0.01940740855065189,2048.0,0.257092796045966,0.014417903622358405,smooth_fraction
85,0.02306573466755512,-0.6599470082033794,0.011820365036387065,2048.0,0.10349576843228236,0.010597007273796102,smooth_fraction
90,0.017600365704882506,-0.6839860763395473,0.01204075252120275,2048.0,0.19398767198332167,0.009704994970687317,smooth_fraction
108,0.019074630481160253,-0.7066476367674747,0.012646431717413104,2048.0,0.09794679072956725,0.011407754316511882,smooth_fraction
109,0.03890661928270798,-0.4987670497213439,0.013877740964566709,2048.0,0.19547500853697697,0.011164989431044077,smooth_fraction
111,0.014084403161732947,-0.8478156309447991,0.007206404670254138,2048.0,-0.058662433862357366,0.0076291499076083045,smooth_fraction
114,0.032578553880094965,-0.41053395664023556,0.040227803621852215,2048.0,0.17832854522783037,0.033054037924256464,smooth_fraction
117,0.017645229438862133,-0.780272463094127,0.02679807511743907,2048.0,0.230425915744911,0.02062310411830226,smooth_fraction
119,0.013860579383592402,-0.8033251643777719,0.014938248571155183,2048.0,0.21602426921708284,0.011711224340188254,smooth_fraction
120,0.04538025486875343,-0.3669655065898474,0.04371597997200924,2048.0,0.31075552305697784,0.03013099774985914,smooth_fraction
133,0.016008894820170767,-0.8990420369240117,0.008239909208096946,2048.0,-0.007978837627861779,0.008305654105736675,smooth_fraction
136,0.02873104422043583,-0.33098159716522274,0.060925077183524176,2048.0,0.3021926404816103,0.0425139672378891,smooth_fraction
146,0.016050392223828574,-0.8100078202921229,0.010697517556423754,2048.0,0.11963832664878293,0.009417684456677239,smooth_fraction
149,0.034569467904659666,-0.41441964061349323,0.04249580123934183,2048.0,0.15467766524587834,0.035922649920887534,smooth_fraction
160,0.01912071742663491,-0.5621589816429253,0.04441291588384247,2048.0,0.31277243415091294,0.030521780075113317,smooth_fraction
161,0.01617100823496893,-0.792420124907325,0.011589198396751243,2048.0,0.1784386295242012,0.009521237717550882,smooth_fraction
163,0.020694443178929867,-0.7955299415637669,0.007406852146668751,2048.0,-0.020326694243320897,0.007557408965559571,smooth_fraction
166,0.017677197903681666,-0.7729371815714913,0.009628149145025761,2048.0,0.08428578772028072,0.008816633010048917,smooth_fraction
168,0.030922839160215154,-0.5090655186474305,0.014279488404811691,2048.0,0.18023649676554,0.011705803439124283,smooth_fraction
170,0.037589704729405926,-0.28716015146086704,0.021948196895521244,2048.0,0.29260706414015736,0.015525999438752656,smooth_fraction
189,0.03155061044237605,-0.7498055943772087,0.02783094318806683,2048.0,0.22749589136405102,0.0214995179599953,smooth_fraction
193,0.02852134922492387,-0.5134177691421462,0.03885422364530984,2048.0,0.27527073459819007,0.028158792960223035,smooth_fraction
197,0.03009574252235502,-0.6258937653353132,0.027874920366893857,2048.0,0.28648610456017465,0.019889143016057362,smooth_fraction
204,0.02178433543560814,-0.34961964278757746,0.018186914719364598,2048.0,0.2038650416183707,0.014479238593191574,smooth_fraction
207,0.029509056982666076,-0.6193299936224118,0.0396457086707163,2048.0,0.3714215833194624,0.02492043678441671,smooth_fraction
208,0.01964657504587483,-0.7929707088120921,0.0071568974189851805,2048.0,-0.02869312791784462,0.007362251192123014,smooth_fraction
209,0.016224574305177843,-0.6587710104060139,0.02312517113392691,2048.0,0.27605611641988337,0.016741326199149857,smooth_fraction
213,0.0430435708294744,-0.4023022178603781,0.037653276420602774,2048.0,0.3032193851488495,0.02623607309550793,smooth_fraction
227,0.03330577465103887,-0.4287650345036859,0.045439674804585835,2048.0,0.39330296966489253,0.02756811576333523,smooth_fraction
234,0.03133064587950407,-0.39466583997301347,0.0374345860115884,2048.0,0.30533282347751656,0.02600457816895817,smooth_fraction
236,0.03736826134749958,-0.3691116818748802,0.039442963601043914,2048.0,0.20524456933207702,0.031347509523566866,smooth_fraction
240,0.042253673330592344,-0.3155675145642246,0.011486741044103924,2048.0,0.06421539216553385,0.010749115463252856,smooth_fraction
241,0.018556537158156923,-0.7000532227776782,0.012400990465033804,2048.0,0.08387995696267714,0.011360795918532198,smooth_fraction
242,0.020067812863948785,-0.7560450754014395,0.029355357376258943,2048.0,0.22807033751092043,0.02266027111170188,smooth_fraction
248,0.024054379178987575,-0.7064321604245327,0.025697196503696864,2048.0,0.21374900041927503,0.02020444643745397,smooth_fraction
255,0.020463616484723345,-0.43383836502430356,0.054029510066590104,2048.0,0.4317832045759241,0.03070047506837068,smooth_fraction
263,0.026628450992203866,-0.5128250325032225,0.011954541499332505,2048.0,0.11753013283544167,0.010549522648929156,smooth_fraction
264,0.03582007101666325,-0.4498510273247059,0.041233404250170136,2048.0,0.26604073675533324,0.030263639004524383,smooth_fraction
267,0.041541277566704934,-0.42427207549938367,0.04476938738013185,2048.0,0.32021725319326344,0.030433457126120875,smooth_fraction
281,0.01773584578365845,-0.7481205909685625,0.02409887113939345,2048.0,0.18949418920063787,0.019532275092183436,smooth_fraction
291,0.03231847877644579,-0.45337374316390516,0.03376570808811559,2048.0,0.2919979199503534,0.023906191560735014,smooth_fraction
292,0.04700353383052321,0.19410213039036114,0.01949869000821878,2048.0,0.20861491500355334,0.015430972449473583,smooth_fraction
296,0.01667451651990772,-0.8350891471985809,0.01062696160246548,2048.0,0.056083604247172625,0.010030963293602906,smooth_fraction
297,0.032709736474161,-0.5407140095599222,0.03319158072993329,2048.0,0.32041517477595016,0.022556494589261657,smooth_fraction
298,0.030628284370654457,-0.6273198543917979,0.022937299881472785,2048.0,0.2723234280377206,0.016690935747820913,smooth_fraction
303,0.05882565189572435,-0.07970072490226728,0.03754223826102011,2048.0,0.33177275325312006,0.02508674650987684,smooth_fraction
304,0.019299730518739795,-0.7643439295243385,0.01869801714133243,2048.0,0.20824177091856155,0.014804308939155745,smooth_fraction
311,0.024964567491565663,-0.4477940221519191,0.04625289271754001,2048.0,0.26290111323770926,0.03409295573163441,smooth_fraction
313,0.031049606661997863,-0.5986947867825824,0.039458202371638454,2048.0,0.3592680578347869,0.025282130639927923,smooth_fraction
317,0.02100141152387682,-0.7540460548737381,0.012423556114460822,2048.0,0.0780991553782634,0.011453286875126971,smooth_fraction
323,0.025877431251826243,-0.6884334474849003,0.016691444724732975,2048.0,0.24332790261794301,0.01262995048820037,smooth_fraction
327,0.03697407687324699,-0.4184182956728936,0.033126388070848084,2048.0,0.15497779260243993,0.02799253357073625,smooth_fraction
336,0.045021106510639036,-0.38926064168830793,0.029480339772992213,2048.0,0.31677169139894557,0.020141802680085863,smooth_fraction
341,0.027346757824214845,-0.633617190370554,0.02701795211416217,2048.0,0.3314701063860622,0.0180623086525473,smooth_fraction
349,0.04179558576092075,-0.45810315258806544,0.027891163390963272,2048.0,0.3209859573414018,0.01893849160854947,smooth_fraction
350,0.027507326572647782,-0.5859270016964396,0.01825837867830866,2048.0,0.2606926840445146,0.01349855293435924,smooth_fraction
359,0.03634572890312258,-0.09225692480215936,0.02960674065479034,2048.0,0.3821269119749162,0.0182932082747331,smooth_fraction
360,0.03209542975736191,-0.6369169701544336,0.03144060186373443,2048.0,0.24439252585313676,0.023756753759913533,smooth_fraction
362,0.025838886106107545,-0.3864932482331736,0.05344202862057861,2048.0,0.39781458789045987,0.03218201002885297,smooth_fraction
369,0.05456642749436953,-0.3012708589848178,0.039864165983327676,2048.0,0.319154368707119,0.027141343254882926,smooth_fraction
375,0.022611716759450673,-0.5775893157009463,0.029565541551017847,2048.0,0.31375677721810113,0.020289152517262626,smooth_fraction
386,0.01867723726045532,-0.4728628230158368,0.01607855247776461,2048.0,0.20793803328236038,0.012735209897511014,smooth_fraction
393,0.020894100031116712,-0.8349839120955703,0.01794845386662972,2048.0,0.17730943162738244,0.014766023712947308,smooth_fraction
394,0.022253791978734106,-0.5719731249287956,0.015402887672483339,2048.0,0.22300722988820287,0.01196793236036368,smooth_fraction
397,0.037535087592107955,-0.3620904604557125,0.04199378207529989,2048.0,0.17943238438806897,0.03445873762805588,smooth_fraction
398,0.022901444877395843,-0.6543590751952747,0.013354430785183436,2048.0,0.140637362904093,0.011476298856470002,smooth_fraction
403,0.01949436163428694,-0.6670949018696295,0.0405421899698562,2048.0,0.29720871852096287,0.028492697642881804,smooth_fraction
404,0.02653780171260517,-0.7115813576999,0.02531531430352375,2048.0,0.17822014249409768,0.020803615381066877,smooth_fraction
406,0.01841420365508798,-0.6644721025790248,0.009449137665001156,2048.0,0.11403967892725364,0.008371561039545006,smooth_fraction
408,0.015005840428600082,-0.6061907406935997,0.016351780481847128,2048.0,0.25802942532078865,0.012132539961144426,smooth_fraction
419,0.04511432206003986,-0.2518331317087675,0.04245882044465116,2048.0,0.20209608739218732,0.03387805895749975,smooth_fraction
435,0.0177960112885932,-0.6562825146126864,0.02297840987729055,2048.0,0.27933497150925146,0.01655973640888969,smooth_fraction
444,0.012532868105154577,-0.6860194895899395,0.027295904356484286,2048.0,0.2577697208841222,0.020259846709233635,smooth_fraction
445,0.01843510880495431,-0.5206372989932782,0.03324980624638239,2048.0,0.2584495975460277,0.024656407203521465,smooth_fraction
460,0.029808983590888072,-0.6616396717219698,0.02550527632303031,2048.0,0.2280376635290683,0.019689112702663214,smooth_fraction
462,0.01884688297986396,-0.8103440497042544,0.009432385268955071,2048.0,0.06546979504548889,0.008814848938606495,smooth_fraction
471,0.04103867042407822,-0.2893240574873397,0.0356301019773394,2048.0,0.2545285213197327,0.02656122480657592,smooth_fraction
489,0.02221045460528823,-0.6924187195650706,0.038888533793422816,2048.0,0.28192763683594835,0.027924781361028203,smooth_fraction
490,0.019867195501554732,-0.6817445052115987,0.016759374755488252,2048.0,0.2531768290883659,0.01251628939739013,smooth_fraction
498,0.0179819804384356,-0.8513332489895438,0.014312438417906663,2048.0,0.11051472172124421,0.012730703268999263,smooth_fraction
510,0.04112549059854285,-0.3943024787852133,0.042644574405693886,2048.0,0.30667747342525875,0.02956644407166023,smooth_fraction
512,0.024003923519077576,-0.6260530482260203,0.03429648572191221,2048.0,0.2698295554511819,0.025042280226030833,smooth_fraction
516,0.01748395536761364,-0.7430885645274717,0.01843987058521331,2048.0,0.2755015516724104,0.013359657626348604,smooth_fraction
526,0.029862299579114467,-0.33882541697890095,0.040707169449131844,2048.0,0.2792404043028023,0.029340082994133588,smooth_fraction
533,0.03610839444892241,-0.4413813291334127,0.01350138887231289,2048.0,0.15363076642165385,0.011427160152102671,smooth_fraction
539,0.024119977805007554,-0.5071109765446876,0.02627513119920782,2048.0,0.32506664478470315,0.01773396245900346,smooth_fraction
545,0.016932216871930198,-0.848907089135408,0.018134436920967213,2048.0,0.14503925229999814,0.015504231749068648,smooth_fraction
547,0.01902987515450082,-0.8152690957859834,0.008897379247166562,2048.0,0.057244764225252376,0.008388050869939859,smooth_fraction
551,0.015396978509281262,-0.8432049119377285,0.012678057707635915,2048.0,0.13682990129726502,0.010943320322859062,smooth_fraction
554,0.017907436500522723,-0.7193482975648939,0.012575890247226738,2048.0,0.16853779353011555,0.010456377453282244,smooth_fraction
555,0.03495768992246365,-0.40967237823863956,0.040081824011249045,2048.0,0.14791463217837864,0.034153135755586636,smooth_fraction
559,0.038124165903942665,-0.4133366108484691,0.026038741281754027,2048.0,0.3129829734651439,0.01788905861010106,smooth_fraction
562,0.024356820721894327,-0.8255956494954195,0.02338426238917926,2048.0,0.20612299845114546,0.018564228108953286,smooth_fraction
566,0.012758452157570413,-0.8851187690726224,0.022784980255906737,2048.0,0.21268228477672835,0.017939018596487846,smooth_fraction
567,0.02165092728076466,-0.7618638822613937,0.02175043336158639,2048.0,0.27928784702545517,0.015675801656158294,smooth_fraction
585,0.025814401213922276,-0.6260839268516764,0.017182624280399093,2048.0,0.22719391946732415,0.013278836523400813,smooth_fraction
586,0.0213781090630975,-0.710089038696478,0.029228675546041746,2048.0,0.23127646634775478,0.022468770749728178,smooth_fraction
606,0.023760332967180837,-0.533918972203337,0.06213506997638178,2048.0,0.31942826872555374,0.042287372146685015,smooth_fraction
607,0.02974921327666367,0.03161134860510739,0.039401061703148624,2048.0,0.33995742458130485,0.026006378240777138,smooth_fraction
627,0.03382491339257854,-0.1858372271696832,0.039142011531988,2048.0,0.2621980058840321,0.028879054162010958,smooth_fraction
634,0.014215337495740684,-0.8416569519179329,0.009739227037325788,2048.0,0.046007798233293595,0.009291146644844265,smooth_fraction
637,0.028852078695715894,-0.6704614130930824,0.03778475506893598,2048.0,0.3168414719450129,0.025812977655812516,smooth_fraction
641,0.04734789101617117,-0.4864204961371857,0.03395273006446325,2048.0,0.30027101387401667,0.02375770938421606,smooth_fraction
656,0.032412286865892224,-0.3214017519553449,0.02373197596457703,2048.0,0.2990713638091286,0.016634421546965518,smooth_fraction
662,0.025654445450782916,-0.4955527911449762,0.0239932234684546,2048.0,0.3282637734546685,0.016117117395358583,smooth_fraction
666,0.0148182408990469,-0.7164319766558274,0.01718931489180198,2048.0,0.2494756581103097,0.012900999246704334,smooth_fraction
670,0.018538185325941117,-0.6445505401751381,0.03503837075103884,2048.0,0.25693694741902806,0.026035718727730764,smooth_fraction
672,0.021231214477582097,-0.4483463490763165,0.025138150100969835,2048.0,0.17559586022178908,0.020723995009605582,smooth_fraction
680,0.03969762997136762,-0.3148623546221038,0.04309467667890936,2048.0,0.15001837394684514,0.03662968335777435,smooth_fraction
683,0.014973084476159687,-0.8554974501491991,0.010203579997154155,2048.0,0.11406910829726546,0.009039666725438966,smooth_fraction
690,0.03953735105687127,-0.42286322853736213,0.0359557269989326,2048.0,0.2643976520906772,0.026449117201201446,smooth_fraction
692,0.03634619366826612,-0.3430406162463552,0.05010065229504617,2048.0,0.3117307871889774,0.03448273651643018,smooth_fraction
695,0.02489529784736348,-0.6234641983111384,0.04280991864865072,2048.0,0.29764378540467895,0.03006781240919996,smooth_fraction
696,0.013531429516563448,-0.8098210601269338,0.015012537751412099,2048.0,0.1896858898821241,0.012164871168646512,smooth_fraction
698,0.023878708118348305,-0.7081999908056983,0.011203042300539836,2048.0,0.10452113976389965,0.010032087550464232,smooth_fraction
701,0.022575404949175242,-0.4712683332183005,0.05075436745185444,2048.0,0.34039620291890826,0.033477773489692164,smooth_fraction
707,0.026742794358771322,-0.7391363392122539,0.03081436405913338,2048.0,0.2897977839755297,0.021884429640181318,smooth_fraction
708,0.016961456948289332,-0.8579087477615956,0.012991622438907835,2048.0,0.13633303016246245,0.01122043518508489,smooth_fraction
715,0.04135444790280566,-0.34966986725459775,0.04944964801094391,2048.0,0.1992972278709091,0.039594470243170574,smooth_fraction
717,0.01701977864338295,-0.7705228221726006,0.018388200270312446,2048.0,0.16639522287412978,0.015328491588079673,smooth_fraction
734,0.02510308982351611,-0.7228609639066246,0.031116256190450844,2048.0,0.29151570068602206,0.022045378964365796,smooth_fraction
737,0.02103385182582713,-0.6815815212878991,0.0124864306721022,2048.0,0.10184562129541241,0.011214742382539857,smooth_fraction
740,0.02654858747199832,-0.6590034726138091,0.02781769600805901,2048.0,0.36502446891902707,0.01766355629616633,smooth_fraction
758,0.038757584838630475,-0.3911061035978881,0.04251770229744111,2048.0,0.17797722480819267,0.034950519637321625,smooth_fraction
760,0.03431461191914451,-0.2714157846870196,0.04713631386699679,2048.0,0.17991862635634093,0.038655613024545385,smooth_fraction
762,0.017929304807880707,-0.6930003254989511,0.04493382685201992,2048.0,0.3062980098763385,0.03117068511111824,smooth_fraction
766,0.018699645035708385,-0.7052428321949489,0.029790365752673627,2048.0,0.2399062324457073,0.02264347134177007,smooth_fraction
774,0.03881110812092133,-0.2626508310116611,0.034402327168656315,2048.0,0.3080014414706542,0.02380636081076512,smooth_fraction
778,0.02211122295406797,-0.8196732259240559,0.018929199928721996,2048.0,0.166184833414192,0.015783453991903396,smooth_fraction
782,0.02720045571891399,-0.6089051411542766,0.03651142972756223,2048.0,0.29103515277857595,0.02588532019863692,smooth_fraction
788,0.02789628835389606,-0.424673561860847,0.022077003773347693,2048.0,0.2862425855412778,0.015757625132260103,smooth_fraction
789,0.016508257920718958,-0.7564986369657845,0.011827389411489846,2048.0,0.1564087569114606,0.009977482136130948,smooth_fraction
799,0.014302657088780197,-0.8797407976590468,0.014902459174062818,2048.0,0.13637520864697783,0.012870133194846933,smooth_fraction
806,0.01893602260877242,-0.6373455135395686,0.02223067007463469,2048.0,0.2235478102795604,0.017261052458402752,smooth_fraction
807,0.04058848499273446,-0.46394738607123504,0.03303003148501163,2048.0,0.25162613999126626,0.02471881215864816,smooth_fraction
811,0.02604848452122307,-0.4986948136680235,0.03790431568871837,2048.0,0.21904314571046535,0.029601635144258953,smooth_fraction
812,0.016829618152648145,-0.7639487249832501,0.010659885913202804,2048.0,0.13923756473109117,0.009175629358337182,smooth_fraction
817,0.02121718183011876,-0.7395544475931841,0.025230766777803823,2048.0,0.223865310620452,0.01958247333589859,smooth_fraction
821,0.030937818187890143,-0.5778764151398561,0.04991907490462965,2048.0,0.31087792636807154,0.03440033641206595,smooth_fraction
824,0.016889696238241582,-0.7052699207227026,0.014625709289931834,2048.0,0.18769493693583583,0.011880537707116211,smooth_fraction
825,0.02595082837054304,-0.5828948797237274,0.0068375471290689745,2048.0,-0.08698930678914452,0.0074323406139647896,smooth_fraction
826,0.013561759289860193,-0.8439039362765122,0.018047548343634128,2048.0,0.16648427420612677,0.015042915356444215,smooth_fraction
827,0.03036650319686806,-0.6026654311146554,0.0345806533941793,2048.0,0.3042955607068104,0.024057914079989647,smooth_fraction
830,0.024142747730119467,-0.3625302597273194,0.0173908902803726,2048.0,0.21619320273363252,0.013631098012269647,smooth_fraction
838,0.02881400234144093,-0.3248402600416118,0.046883463393265414,2048.0,0.22808977822726628,0.03618982462536935,smooth_fraction
842,0.022421582797692373,-0.7463366451853227,0.00874713176972479,2048.0,-0.004864203855033278,0.00878967960179957,smooth_fraction
848,0.029989076689311396,-0.640343459610084,0.01695652186176171,2048.0,0.13405903006233566,0.014683346987743144,smooth_fraction
850,0.025646712400252358,-0.6414072967794084,0.009638306650276937,2048.0,0.048642048124201476,0.009169479674358355,smooth_fraction
857,0.03797845883452695,-0.25191034571401555,0.018751325336917098,2048.0,0.28575249315115536,0.013393087372004609,smooth_fraction
871,0.014261566545988416,-0.8348405024485532,0.010052507544026448,2048.0,0.03861611910830143,0.009664318715369224,smooth_fraction
888,0.021890457794121312,-0.7025363546658193,0.026312489322581286,2048.0,0.28103515186419425,0.018917754889884664,smooth_fraction
897,0.016496525660873874,-0.6644561168558969,0.01293346775948454,2048.0,0.02954344774883,0.012551368530521032,smooth_fraction
898,0.03991548223993517,-0.5488881346543789,0.022677829868413317,2048.0,0.2917819573609669,0.01606084828070868,smooth_fraction
918,0.0241946776927032,-0.6415365775494589,0.04231871735790236,2048.0,0.3366431842617613,0.02807240959266464,smooth_fraction
922,0.021914443233399857,-0.6570706580436281,0.032048384248573925,2048.0,0.28952935606815733,0.02276943619405944,smooth_fraction
923,0.01372253190486315,-0.20294234305463,0.056405715874229836,2048.0,0.314253693542455,0.038680011323846825,smooth_fraction
924,0.03249767419401521,-0.2822979222050458,0.04382207113980463,2048.0,0.16277541719624355,0.03668891522761947,smooth_fraction
925,0.012516491042094124,-0.8488646030828414,0.008242827750695444,2048.0,0.03572059379983661,0.007948389048850832,smooth_fraction
930,0.016302372353244016,-0.7016375039866247,0.02226480065393004,2048.0,0.22398131880198957,0.01727790124059939,smooth_fraction
932,0.032273661533495944,-0.5662395017298748,0.04523158963770411,2048.0,0.3195908747782804,0.03077598633777805,smooth_fraction
935,0.02312722259658908,-0.5678715033565084,0.017952379915396263,2048.0,0.2450905117987232,0.013552421933926674,smooth_fraction
942,0.034518094536767394,-0.44502030455146485,0.027787817981331828,2048.0,0.32916548523958256,0.01864102739175754,smooth_fraction
953,0.03181175979352572,-0.4938112732953688,0.027011653826817996,2048.0,0.3265677918862038,0.018190517681399516,smooth_fraction
963,0.032895560944066975,-0.3414032713664961,0.049379050611906866,2048.0,0.23491610170376687,0.0377791165363247,smooth_fraction
978,0.029504374443855508,-0.309280320118408,0.05752841121163298,2048.0,0.35788809656119513,0.03693967762491193,smooth_fraction
980,0.01666929620132262,-0.7017449314409592,0.027767107989522536,2048.0,0.22744176194565036,0.021451708024250386,smooth_fraction
984,0.02708237095060717,-0.261262072926641,0.032591553847220636,2048.0,0.2933927394733704,0.02302942858029071,smooth_fraction
986,0.029082540153412696,-0.43108734959358036,0.030049310555555504,2048.0,0.2380325705324453,0.022896595921288884,smooth_fraction
992,0.031336669055958125,-0.5299194692949328,0.03246749858168411,2048.0,0.2859669628854966,0.023182866619790736,smooth_fraction
1004,0.01852211167822239,-0.5870010386621659,0.05292875722680183,2048.0,0.3771892383979204,0.03296459959907602,smooth_fraction
1005,0.03689158724890733,-0.36473147541711576,0.04502898621620388,2048.0,0.3040908160279425,0.031336085052807466,smooth_fraction
1007,0.03642135544233475,-0.39536985758722476,0.019556221232766846,2048.0,0.25178140996978016,0.014632328277099857,smooth_fraction
1011,0.021683939994626932,-0.7160648930134856,0.01785162131213218,2048.0,0.2056039837364646,0.01418125685420303,smooth_fraction
1014,0.011012183672161432,-0.8576607584571033,0.011901673519608406,2048.0,0.09665158468803037,0.010751357913498686,smooth_fraction
1015,0.029993192556553482,-0.10466281520803353,0.05266149247083843,2048.0,0.26564034290597593,0.03867247555294444,smooth_fraction
1021,0.029642619349194443,-0.6137003667256034,0.01663960557912037,2048.0,0.2347331353359987,0.01273373879077907,smooth_fraction
1034,0.036653635570414934,-0.2929500335257342,0.05222283063927608,2048.0,0.2832977354937106,0.0374282209780976,smooth_fraction
1037,0.03792313384525692,-0.5249472160609059,0.006746722997817729,2048.0,-0.0897206999063096,0.00735204370725593,smooth_fraction
1042,0.04724906338507352,-0.1392676797774183,0.027868576422071852,2048.0,0.3480900319754252,0.01816780276420328,smooth_fraction
1043,0.013326103648834747,-0.7704701445965116,0.02103448734826345,2048.0,0.2238780561774597,0.01632532720804486,smooth_fraction
1046,0.030014550482411296,-0.6199793941017416,0.01850409650774649,2048.0,0.2226974794601546,0.014383280855783897,smooth_fraction
1048,0.03668881887925486,-0.42615469587250376,0.05084610116960259,2048.0,0.3363522314591373,0.033743901580209706,smooth_fraction
1054,0.02527107634348939,-0.6899171817179961,0.02376279335886771,2048.0,0.18245645389075327,0.019427118348069965,smooth_fraction
1055,0.02366833189238592,-0.4701033885550261,0.04128025206868063,2048.0,0.28797476509534603,0.029392581176125653,smooth_fraction
1056,0.022756627867697256,-0.5414349511832579,0.03929673725089333,2048.0,0.32614656620878135,0.026480241333305767,smooth_fraction
1060,0.014518848764523262,-0.8568117783235004,0.008632583395888398,2048.0,0.03479450021546149,0.00833221697106017,smooth_fraction
1069,0.04074490643634862,-0.3641943579400288,0.03917625634515734,2048.0,0.15161395375091435,0.03323658922750869,smooth_fraction
1083,0.04083285803862977,-0.18646116805210644,0.05752599811368892,2048.0,0.2954963442085784,0.04052727597414427,smooth_fraction
1090,0.013283985139954383,-0.8891315050278702,0.009126917839427312,2048.0,0.0036629566091330723,0.009093486335406367,smooth_fraction
1094,0.03292472466302478,-0.6606752663760251,0.03870281063013016,2048.0,0.29483855520882174,0.027291729861421955,smooth_fraction
1098,0.04554272429095642,-0.4214625413289882,0.05017569498273321,2048.0,0.2966307299278391,0.03529204195536844,smooth_fraction
1106,0.018298452277211632,-0.6405149004018547,0.012021605133792312,2048.0,0.07697589472343225,0.011096231322606842,smooth_fraction
1108,0.03798312113113138,-0.4963917879021179,0.03940829819167367,2048.0,0.13822334940190362,0.03396115122139155,smooth_fraction
1109,0.03538648211389912,-0.5038431940120787,0.037278166643331306,2048.0,0.2486366079139345,0.02800944973988303,smooth_fraction
1111,0.024347355247589766,-0.5722915749933152,0.020056546316684857,2048.0,0.2812931149586625,0.014414777927951886,smooth_fraction
1112,0.03511775772405756,-0.4395070365193121,0.051236487118095295,2048.0,0.2604198107939045,0.03789349083705659,smooth_fraction
1124,0.022929644803054934,-0.717065998144512,0.012418803596355544,2048.0,0.09655128846924221,0.011219752107880957,smooth_fraction
1128,0.040389959961401545,-0.30965386549188345,0.04762714361562184,2048.0,0.23956852748481927,0.036217178951319304,smooth_fraction
1130,0.026387509091941867,-0.6247688071491825,0.02443213596835244,2048.0,0.28877858242777765,0.017376658377728903,smooth_fraction
1131,0.02797553761135339,-0.7020593447880238,0.01111878782314315,2048.0,0.14186141950966258,0.009541460799325312,smooth_fraction
1132,0.01616561612259342,-0.8085765261386689,0.013785980980503971,2048.0,0.1501630655748577,0.011715835814514812,smooth_fraction
1133,0.017416127563986465,-0.6115391418726726,0.014969417264046828,2048.0,0.18724398343477955,0.01216648394582934,smooth_fraction
1138,0.02180843985368769,-0.7627356116390214,0.03183672327527378,2048.0,0.30143724839622066,0.022239949013223338,smooth_fraction
1141,0.013726138298435584,-0.5735688231188559,0.015568379549683728,2048.0,0.21202717668526228,0.012267459988199713,smooth_fraction
1144,0.02426380409623675,-0.5706902126648209,0.05658945242613759,2048.0,0.31497479011010143,0.03876520152576933,smooth_fraction
1152,0.016176896225741807,-0.8553284261251268,0.007382410155384494,2048.0,-0.053883847312202526,0.0077802028169932855,smooth_fraction
1167,0.027163853763019913,-0.4100375063037754,0.04203406704667452,2048.0,0.18524452741283481,0.03424748616137389,smooth_fraction
1172,0.020824546549572536,-0.7174267929263839,0.03487751232538794,2048.0,0.2750736364467048,0.02528362817982871,smooth_fraction
1173,0.034083411973760185,-0.42044228540289175,0.04122677098450172,2048.0,0.2017494741313801,0.03290929161824366,smooth_fraction
1174,0.04911790912507807,-0.4492296797073591,0.03242037295471436,2048.0,0.26905703251167323,0.023697443614597205,smooth_fraction
1180,0.042451399165442064,-0.40476473063272533,0.035650422174836154,2048.0,0.3000853131957154,0.02495225407094097,smooth_fraction
1181,0.030581193796991833,-0.34289338137038866,0.04620963598547548,2048.0,0.17320214594485006,0.03820602786946076,smooth_fraction
1183,0.01496615780891231,-0.7903519889418414,0.01183472625612439,2048.0,0.11659106563865096,0.010454902910381125,smooth_fraction
1185,0.04256397916476476,-0.26944138977403115,0.04978501259335359,2048.0,0.2471958026920794,0.03747836644330427,smooth_fraction
1193,0.02783210147718539,-0.4493734429673504,0.037582535102954846,2048.0,0.3064830336117875,0.026064125733779753,smooth_fraction
1200,0.018146905939153392,-0.3886469764041923,0.0300827423349287,2048.0,0.3291291873391816,0.02018163379729962,smooth_fraction
1205,0.03120709276815268,-0.5498032748779914,0.036232396711915964,2048.0,0.1782690975771748,0.02977328004702451,smooth_fraction
1206,0.02009131079527825,-0.5520940714532434,0.014812908656446718,2048.0,0.20030560010779996,0.011845800098675132,smooth_fraction
1208,0.023062285049722665,-0.5052597234936456,0.030193431572098944,2048.0,0.251482880960741,0.022600300414256508,smooth_fraction
1215,0.018976599558161944,-0.6271293461331575,0.01676695521018176,2048.0,0.3005497963423104,0.011727650236480992,smooth_fraction
1220,0.022249620795859383,-0.6634577473581096,0.0360194710184417,2048.0,0.2776631621651021,0.026018190795946923,smooth_fraction
1225,0.03538351531091108,-0.5201681094328944,0.03038954451462168,2048.0,0.3120464303595225,0.020906595628582176,smooth_fraction
1235,0.01825047900292774,-0.7592293016963093,0.014770759280856182,2048.0,0.14674826323029255,0.012603176009797813,smooth_fraction
1237,0.0328661842623539,-0.7140678755071798,0.026641040965465674,2048.0,0.2707965157881703,0.019426739895047656,smooth_fraction
1243,0.021635416153719604,-0.6794412736845278,0.021513769679280228,2048.0,0.21974893205915724,0.01678614176769172,smooth_fraction
1246,0.03919349278464355,-0.44407395938432426,0.04129841891091718,2048.0,0.2843261891288067,0.029556196844931052,smooth_fraction
1248,0.027440090133514748,-0.35986753798141785,0.042894998924113366,2048.0,0.13868269466616057,0.036946204885615265,smooth_fraction
1256,0.02493797993514535,-0.7265660798829904,0.029081331161974464,2048.0,0.25347143155039853,0.02171004452095758,smooth_fraction
1257,0.02205515919772245,-0.602171271501717,0.011333163081450505,2048.0,0.12511239674207608,0.00991524388566142,smooth_fraction
1260,0.014517116803622606,-0.8752683666137226,0.01855651508809406,2048.0,0.1771049812900033,0.015270063830609496,smooth_fraction
1268,0.01881851914222818,-0.5602458584718452,0.018505041123379737,2048.0,0.24689805371543694,0.013936182486093157,smooth_fraction
1269,0.019301134676656055,-0.7990675007571092,0.012876598013175672,2048.0,0.09446268204970298,0.011660240029175222,smooth_fraction
1279,0.033541031980466665,-0.5552250539249756,0.041803502385142875,2048.0,0.31815585607046637,0.028503473297053963,smooth_fraction
1300,0.013485477922011265,-0.8905998851649755,0.009709716258252926,2048.0,0.051353190895016,0.009211091345706423,smooth_fraction
1307,0.02084875222613032,-0.7385177995749271,0.011671259102264691,2048.0,0.07516512390772834,0.010793987465683764,smooth_fraction
1308,0.03696392308942624,-0.21796814412140428,0.05142556828767692,2048.0,0.27943318215363244,0.03705555809699243,smooth_fraction
1309,0.03575530200751089,-0.5184665125733937,0.013569370731896655,2048.0,0.12820446436045296,0.011829716825505437,smooth_fraction
1311,0.032883779253158336,-0.30547477337210793,0.046869329473511946,2048.0,0.2236905501151143,0.03638510338005552,smooth_fraction
1314,0.019787211274628194,-0.7849641634388435,0.01647119813786121,2048.0,0.23419821104382643,0.01261367300022571,smooth_fraction
1316,0.04226136803942391,-0.41300982254342894,0.036212757187440214,2048.0,0.30148854229896493,0.025295025810372497,smooth_fraction
1322,0.017122405491631063,-0.5859182204348807,0.009687442548379114,2048.0,0.0727269492015008,0.008982904406270689,smooth_fraction
1323,0.04380056091044704,-0.44783888732996796,0.039460601433212894,2048.0,0.13976765358901155,0.03394528576168154,smooth_fraction
1336,0.02018373703416117,-0.7239559363555811,0.01137258744027015,2048.0,0.1363374880821301,0.009822077435669336,smooth_fraction
1339,0.017890760326608173,-0.7016798844523022,0.021359806857519703,2048.0,0.307299906571181,0.014795940205825427,smooth_fraction
1344,0.03719040359421746,-0.6394935881219065,0.018559051935764643,2048.0,0.22761875788685726,0.014334663586588222,smooth_fraction
1345,0.03346659768410047,-0.20305515882801578,0.06575990707367409,2048.0,0.41795636125695823,0.038275135596565556,smooth_fraction
1346,0.023037326563999424,-0.7115612009887557,0.028608085306560234,2048.0,0.22781921202505107,0.02209061385447424,smooth_fraction
1347,0.040839781475209135,-0.485405502192577,0.011094443719689834,2048.0,0.08997587148083341,0.010096211477415682,smooth_fraction
1351,0.019569313945597043,-0.5238516142283195,0.04212056829702521,2048.0,0.34460224100373493,0.02760572606951945,smooth_fraction
1356,0.022064511883849662,-0.587151457334006,0.03269318082315077,2048.0,0.268768887150759,0.023906270995894006,smooth_fraction
1361,0.015114190985001497,-0.7957729632115877,0.025050323121031365,2048.0,0.24152203120500115,0.019000118198498266,smooth_fraction
1368,0.03893373815033357,-0.2836517915897666,0.05640345508914553,2048.0,0.34258801445183484,0.037080307401931925,smooth_fraction
1373,0.0183464156961095,-0.828193064348418,0.020033766428527798,2048.0,0.18769017414654776,0.016273625318746154,smooth_fraction
1379,0.03561686482508353,-0.2580923580603419,0.0241081122876097,2048.0,0.2512418752871892,0.01805114494683651,smooth_fraction
1397,0.0145991572152249,-0.5908578443884052,0.05118095772452852,2048.0,0.3278963082932045,0.03439891063174505,smooth_fraction
1403,0.01655926955028688,-0.7607406588427393,0.015474235164178288,2048.0,0.11562319278464606,0.013685054688595552,smooth_fraction
1409,0.026809779195065397,-0.5829310736495045,0.02664095711620904,2048.0,0.22365766995950953,0.020682502722106512,smooth_fraction
1419,0.03724134729898358,-0.2652520551547223,0.056395531144915786,2048.0,0.3566949593813493,0.03627952945389043,smooth_fraction
1429,0.019277460090966935,-0.651165008780768,0.017381588794806786,2048.0,0.2014159716602566,0.01388065919870175,smooth_fraction
1430,0.02204917492513074,-0.4892590277588626,0.014588957053474495,2048.0,0.18856900367607754,0.011837931957227725,smooth_fraction
1432,0.02165042741262217,-0.7181690631783472,0.023544672931529058,2048.0,0.307642792687183,0.016301323997967136,smooth_fraction
1434,0.03414324235341166,-0.22548665571653517,0.04457127806546785,2048.0,0.16126882880533944,0.03738332025349274,smooth_fraction
1436,0.01917533919786812,-0.5436876436654273,0.017840467058414914,2048.0,0.2139444584263911,0.014023597995528464,smooth_fraction
1446,0.014147288483503223,-0.7555888009826047,0.01177760768743773,2048.0,0.12087497263153346,0.010353989680553757,smooth_fraction
1452,0.01881838252329306,-0.5121794261018727,0.01373277219676254,2048.0,0.14725617273178704,0.011710536722069792,smooth_fraction
1461,0.02328245681202899,-0.5125630778081424,0.015533525218614131,2048.0,0.2480241597378411,0.011680835678500798,smooth_fraction
1469,0.040852529403993504,-0.24039436197787428,0.04624451040780155,2048.0,0.18189424830900636,0.037832899948756465,smooth_fraction
1474,0.02754549737901347,-0.5193828750852049,0.04362603295308275,2048.0,0.2828320586672811,0.031287192241475706,smooth_fraction
1480,0.02063672863900832,-0.6964096520557166,0.024136512330783788,2048.0,0.19863035789420758,0.01934226824820225,smooth_fraction
1481,0.030910677532452125,-0.6432837325788934,0.02114817141745509,2048.0,0.252801547148755,0.015801880963755364,smooth_fraction
1483,0.03010928959030949,-0.6325571160099533,0.026893921061845093,2048.0,0.19486184300992704,0.021653322037970463,smooth_fraction
1493,0.02747728237339066,-0.45571675484806046,0.015276684935798198,2048.0,0.1788797331183588,0.012543995611549364,smooth_fraction
1507,0.028989105392413755,-0.5222909453733963,0.02049665071432016,2048.0,0.22163554858532752,0.015953864289089965,smooth_fraction
1508,0.03937704813872368,-0.3414919981208575,0.056752478923448056,2048.0,0.2829120609617961,0.040696518146524474,smooth_fraction
1519,0.017754389689673324,-0.7723782881658575,0.012330234529183047,2048.0,0.153321915862769,0.010439739348131435,smooth_fraction
1521,0.015156935927467492,-0.8614774886015328,0.010556384699533527,2048.0,0.03998028485684968,0.010134337432187687,smooth_fraction
1524,0.014533535685483445,-0.6420344985950415,0.018851583591417913,2048.0,0.26780842592244725,0.013802970663654846,smooth_fraction
1534,0.017191454840814163,-0.5810031961702737,0.010896045146259234,2048.0,0.006423973264007121,0.01082604924355625,smooth_fraction
1537,0.042295578781852375,-0.6260045584457893,0.0070894498304442674,2048.0,-0.0936029926988291,0.007753043551162058,smooth_fraction
1541,0.0173430907925723,-0.7880801400798249,0.025244424512057863,2048.0,0.22563177392452005,0.01954848022769861,smooth_fraction
1542,0.0308257753490916,-0.5372610940138222,0.0353456759075711,2048.0,0.2774535444636729,0.02553889284555125,smooth_fraction
1550,0.025722636913595397,-0.4793805895417072,0.04753848447609235,2048.0,0.24050771562524464,0.03610511217046122,smooth_fraction
1551,0.018300343085524556,-0.8257334518676418,0.008480905155285793,2048.0,-0.010902693102667671,0.008573369861426707,smooth_fraction
1553,0.032489035086159204,-0.3286175308501484,0.05403531650066222,2048.0,0.33118527883373916,0.036139615138521056,smooth_fraction
1559,0.02184437787158062,-0.7128657891022453,0.023049791058993158,2048.0,0.2671876532044354,0.0168911714790882,smooth_fraction
1560,0.01968009257437095,-0.7432768037735917,0.02597035223673819,2048.0,0.23206799698532798,0.019943464612154925,smooth_fraction
1562,0.015344098401055991,-0.7447829905172708,0.02211638634387111,2048.0,0.1975465697976846,0.017747370085319018,smooth_fraction
1573,0.02499242270371125,-0.613507261314771,0.014067147336393882,2048.0,0.18068310838293167,0.011525451429573558,smooth_fraction
1580,0.016875272101235184,-0.6246092834179081,0.015472676343659501,2048.0,0.18060021417906147,0.012678307682071299,smooth_fraction
1592,0.01644689214520532,-0.7041676665256171,0.03119564492827104,2048.0,0.2574656825493663,0.02316383691424606,smooth_fraction
1593,0.017996182000228917,-0.5694844719540807,0.03838746425120621,2048.0,0.27581440612107544,0.027799648596265755,smooth_fraction
1606,0.03500294290002285,-0.417658589590354,0.02953769086755531,2048.0,0.2739745966046381,0.02144511392748434,smooth_fraction
1627,0.028325512657719636,-0.6017112987274336,0.03941486421577676,2048.0,0.303271153076875,0.02746147289668968,smooth_fraction
1633,0.037495531524603276,-0.4098680365376247,0.037248819862764404,2048.0,0.32946742719959055,0.02497654701635841,smooth_fraction
1636,0.02781836440897776,-0.37516294079423235,0.04655362607138121,2048.0,0.2418311707889309,0.03529550817406899,smooth_fraction
1642,0.02790704871638734,-0.43515795348988845,0.02770838598393019,2048.0,0.22900634295465183,0.021362989840574404,smooth_fraction
1648,0.01812083628583148,-0.3478459025662411,0.06276921419522431,2048.0,0.3768307483089688,0.03911584423927199,smooth_fraction
1651,0.025695831338429138,-0.6457796156129093,0.03769346465043152,2048.0,0.30448541185719125,0.026216354542020398,smooth_fraction
1662,0.016923456391689278,-0.7356585526612406,0.008015801394592428,2048.0,-0.011159086007882735,0.008105250411776791,smooth_fraction
1668,0.037340885105632084,-0.36763978089166655,0.012795423051828396,2048.0,0.17414295572658933,0.010567190261810864,smooth_fraction
1678,0.03880536370161558,-0.28434034487045984,0.051105823725583956,2048.0,0.22249425134012724,0.03973507173663964,smooth_fraction
1684,0.029627202403236415,-0.5017855036713729,0.03090241317177734,2048.0,0.2208723754108518,0.02407692376859928,smooth_fraction
1694,0.02505801817010387,-0.6395880454005088,0.029908340419277098,2048.0,0.24288370939978432,0.022644091756251577,smooth_fraction
1702,0.031157742720345875,-0.5336593614452111,0.062130701722689974,2048.0,0.3535587651569245,0.040163847543282505,smooth_fraction
1704,0.025323944368146063,-0.5847359175509184,0.03342387795074562,2048.0,0.3187981474681676,0.02276840757884578,smooth_fraction
1711,0.01750682112927454,-0.7723907404708681,0.010924784074296107,2048.0,0.13672941545357686,0.009431044733861055,smooth_fraction
1712,0.03720260833439416,-0.5063451218895324,0.05567409352429856,2048.0,0.30330091005643756,0.038788090291811586,smooth_fraction
1715,0.033424640595456204,-0.4461512542443345,0.045173039784195464,2048.0,0.1954483862842512,0.03634404205482018,smooth_fraction
1719,0.02165423268405465,-0.5835177260274933,0.043723828417052905,2048.0,0.32371961226736046,0.029569567635039942,smooth_fraction
1724,0.01938110834456453,-0.7633670167575047,0.013265335604092598,2048.0,0.09611221949969939,0.011990374756774873,smooth_fraction
1727,0.030755255923077086,-0.290050941988034,0.047971619496823915,2048.0,0.17680306094861842,0.03949009033112302,smooth_fraction
1732,0.021935824615078054,-0.7012583839288627,0.01859658439238248,2048.0,0.280243523261681,0.013385012061628027,smooth_fraction
1749,0.02031005380849543,-0.796260439252486,0.009858962903751755,2048.0,0.10591979531698703,0.008814703570948601,smooth_fraction
1760,0.02552882856962067,-0.32055858802784126,0.04844069664898584,2048.0,0.19355766998766955,0.03906462827302863,smooth_fraction
1763,0.028357758717953086,-0.6291772854579039,0.010473753519409011,2048.0,0.0733779648741204,0.009705210801561621,smooth_fraction
1764,0.04343889073265346,-0.3297345436812992,0.046390544101986855,2048.0,0.2923921311953033,0.032826314044697213,smooth_fraction
1768,0.03037691165496837,-0.5939363740545729,0.030273219586049484,2048.0,0.30784612275571077,0.020953726313151906,smooth_fraction
1771,0.022198820099654726,-0.5358451840216157,0.04030436541736249,2048.0,0.30919077802245787,0.027842627316266733,smooth_fraction
1772,0.030387792319238938,-0.046236769067954035,0.024364771374424277,2048.0,0.33653504556600733,0.01616517192972705,smooth_fraction
1776,0.02308831128026383,-0.6509779037246196,0.04463460714764135,2048.0,0.31371240816338,0.03063217705192837,smooth_fraction
1791,0.029125665423875846,-0.6466589726368062,0.015492842034305744,2048.0,0.17033561980743306,0.012853859183813623,smooth_fraction
1794,0.014262029440807136,-0.8377472552127649,0.012222532817129948,2048.0,0.15599203248197147,0.01031591508090825,smooth_fraction
1795,0.041597077837405336,-0.4532752636869486,0.02495743340189473,2048.0,0.3011930929428491,0.017440426843662885,smooth_fraction
1799,0.018624081045318725,-0.7185048847156466,0.02514758649667989,2048.0,0.2415006716114102,0.019074427468325668,smooth_fraction
1801,0.017256277885211266,-0.6477953990825973,0.05352382097522893,2048.0,0.32909718294929635,0.03590928227159863,smooth_fraction
1807,0.02156312247600805,-0.6144906818546252,0.029703176900844095,2048.0,0.34496830943900103,0.019456522180392323,smooth_fraction
1814,0.021737242915282298,-0.6503180007347419,0.026550172489131354,2048.0,0.23852604764155783,0.02021726478109723,smooth_fraction
1818,0.03971587628336186,-0.2719537242180082,0.03958844375504417,2048.0,0.4019491002986191,0.02367590440548168,smooth_fraction
1820,0.01008445489763188,-0.23991548229404255,0.021802823532070296,2048.0,0.29107513346544467,0.015456563762549398,smooth_fraction
1822,0.030776530007228083,-0.3056909603397238,0.04902628542136138,2048.0,0.18489375493502924,0.03996163141928939,smooth_fraction
1833,0.032892049399771396,-0.53655681273065,0.03243936832156804,2048.0,0.15924442620721935,0.02727357972667529,smooth_fraction
1848,0.0320877271407541,-0.5472484707201712,0.033889674485691995,2048.0,0.3163740093397812,0.023167862293433532,smooth_fraction
1849,0.021273012922410652,-0.7654085462167546,0.039239299598138044,2048.0,0.3261219679091849,0.026442501993815176,smooth_fraction
1853,0.02509179220814789,-0.6112209071466678,0.03331851860684243,2048.0,0.3247917477814336,0.02249693871503786,smooth_fraction
1854,0.027687457252053738,-0.46167118830273907,0.0398325841494023,2048.0,0.3031092113173538,0.02775896098314484,smooth_fraction
1864,0.02037468766447121,-0.653664278024074,0.014421127000170005,2048.0,0.2532287873910114,0.010769282497105181,smooth_fraction
1872,0.026779521959113,-0.5838392331754091,0.013883663845391338,2048.0,0.20232089037096224,0.011074708614580625,smooth_fraction
1875,0.024146701702586586,-0.292579001126835,0.018455058451759335,2048.0,0.20907580222958522,0.014596552300763864,smooth_fraction
1884,0.03660673395446151,-0.42760658182746986,0.03519188965330407,2048.0,0.3488527896205601,0.02291510077573002,smooth_fraction
1885,0.019782925602349823,-0.7828099243833564,0.015040629351347349,2048.0,0.12291464510901928,0.01319191573241019,smooth_fraction
1887,0.02036965033786017,-0.7482833265797307,0.01561503209033506,2048.0,0.16791137597417016,0.012993090566166078,smooth_fraction
1888,0.02128166028983206,-0.6621960160400733,0.017531764711674565,2048.0,0.1592866516743101,0.014739188612810096,smooth_fraction
1890,0.022408706848155737,-0.7135673273642734,0.015781031585128908,2048.0,0.1570270443920211,0.013302982837858985,smooth_fraction
1891,0.04167994674310211,-0.3403296141979746,0.0637019734968634,2048.0,0.3641835511278301,0.04050276257492478,smooth_fraction
1894,0.03218401995375065,-0.4521510342617546,0.034994951912955125,2048.0,0.28361817649459364,0.0250697474648868,smooth_fraction
1900,0.035037274263744776,-0.4110476459315373,0.02484081931713742,2048.0,0.2975895592769031,0.017448450844473315,smooth_fraction
1902,0.01098224581895697,-0.7781539939198511,0.01315891194106601,2048.0,0.10243678860456795,0.011810955260292907,smooth_fraction
1908,0.016493731927897274,-0.7792009419868416,0.01815832698199384,2048.0,0.20989436257514393,0.014346996514677204,smooth_fraction
1910,0.021725844143649434,-0.5771061168835838,0.01568143191078531,2048.0,0.12232840144999857,0.013763147412691946,smooth_fraction
1921,0.014689549765540263,-0.7915473313900867,0.011137265509013974,2048.0,0.13771784708152035,0.009603465280737297,smooth_fraction
1924,0.014386294862912579,-0.8460883297862899,0.01995106450429426,2048.0,0.2025396392458536,0.015910183097023745,smooth_fraction
1927,0.01642088801963723,-0.8939901151641152,0.011028437344862967,2048.0,-0.0029812558813573364,0.01106131593855952,smooth_fraction
1929,0.04219483796696727,-0.23968578631520468,0.044821081520975414,2048.0,0.17389029629085206,0.037027130375216565,smooth_fraction
1933,0.039152061656205134,-0.3520039422552598,0.04669446945345457,2048.0,0.2139149479049729,0.036705824452868484,smooth_fraction
1943,0.028548974755593638,-0.4127091671249667,0.034794771860011904,2048.0,0.29314853712239697,0.02459473538974187,smooth_fraction
1954,0.019199330238911537,-0.5902440699918448,0.019612707409484044,2048.0,0.239587208529619,0.014913753589537587,smooth_fraction
1966,0.014848309302461105,-0.8255843539455191,0.00886414308663384,2048.0,0.032208864412811455,0.00857863910382069,smooth_fraction
1970,0.01801076579881921,-0.7101914362885933,0.022696736267170475,2048.0,0.19347384061641426,0.018305511532103146,smooth_fraction
1971,0.012768701763897262,-0.9161092373007893,0.010533185614444811,2048.0,0.04775110899258972,0.010030214320130279,smooth_fraction
1972,0.024537878292612718,-0.6189664337830898,0.031510146660374876,2048.0,0.24024613610214307,0.023939955677207966,smooth_fraction
1975,0.02117408835255939,-0.5458534411020521,0.01385944880766231,2048.0,0.1913268070269294,0.011207764720139096,smooth_fraction
1990,0.02175296288131686,-0.6280309816309682,0.012238513922753803,2048.0,0.08607078774791566,0.01118513538855855,smooth_fraction
1997,0.02434487462233585,-0.6480921004019159,0.018019892665826227,2048.0,0.27890966846228127,0.01299397037667474,smooth_fraction
1998,0.020445739880267447,-0.7562563394046549,0.014974090903690769,2048.0,0.22135897233209445,0.011659441529642416,smooth_fraction
2003,0.030311906514560005,-0.33838555103558715,0.024003903357435442,2048.0,0.2295048208196494,0.01849489181841504,smooth_fraction
2009,0.028962086892804988,-0.5065667745678158,0.018213288546106786,2048.0,0.19494487406072514,0.014662701304254351,smooth_fraction
2019,0.02907217740624492,-0.37955006264122254,0.03929601973799494,2048.0,0.22096090860526207,0.030613135512117265,smooth_fraction
2024,0.014191068451163455,-0.8107060012301619,0.011765931439776039,2048.0,0.07797915564844282,0.010848434040684836,smooth_fraction
2026,0.02345311017193995,-0.5861063919040896,0.04291568814530422,2048.0,0.28861971459486946,0.030529374481164093,smooth_fraction
2027,0.02125145960645297,-0.7760823544908351,0.017949930411414784,2048.0,0.22051737223528933,0.01399165892528329,smooth_fraction
2035,0.0317291844691151,-0.4023341249867573,0.026168669464156264,2048.0,0.21281157017985364,0.02059967382597158,smooth_fraction
2045,0.016472108394527733,-0.658650768706232,0.019869241560173882,2048.0,0.3026969471029728,0.01385488279865774,smooth_fraction
2048,0.01876446473523313,-0.5578177325642446,0.010150492334452978,2048.0,0.07310148399224825,0.009408476281552525,smooth_fraction
2049,0.016010987435692105,-0.7459829270941962,0.011697082093559703,2048.0,0.21201733485634855,0.009217097922487257,smooth_fraction
2052,0.04549299774257105,-0.32300903434694694,0.04988142477781926,2048.0,0.31715717482424277,0.03406117301907812,smooth_fraction
2055,0.038600292663660885,-0.06009709224030675,0.05063480204940918,2048.0,0.21578617225362295,0.03970851193234727,smooth_fraction
2060,0.018922634762617258,-0.6748288937317977,0.010592756807542202,2048.0,0.1515768650378574,0.008987139938546532,smooth_fraction
2063,0.016481830362349424,-0.7157773224092928,0.01558118844025463,2048.0,0.20597504589485927,0.012371852436176733,smooth_fraction
2067,0.02617832232079384,-0.43804969743824085,0.023014819367670056,2048.0,0.2961948128136378,0.016197949253123338,smooth_fraction
2070,0.03243582632884208,-0.47470215002728977,0.03945243744228161,2048.0,0.21033155757325916,0.03115434482498495,smooth_fraction
2074,0.023369387717724885,-0.5969139667025427,0.02699851547589162,2048.0,0.304648927514259,0.018773446691684112,smooth_fraction
2084,0.018555128315517363,-0.7576673277411559,0.012038168835424082,2048.0,0.09358931010176152,0.010911524919228217,smooth_fraction
2090,0.02466245066447329,-0.5039397768778108,0.02820431021254069,2048.0,0.32984900171663667,0.018901146644827803,smooth_fraction
2099,0.015402146654680848,-0.7248988321928987,0.02482679166925251,2048.0,0.29853721878413575,0.017415070332980714,smooth_fraction
2104,0.025737106780601128,-0.6450400804361975,0.03226186684829825,2048.0,0.299053495014971,0.02261384281160703,smooth_fraction
2105,0.03453495305061127,-0.5335838491212438,0.036994435989490274,2048.0,0.2960472890301814,0.0260423335056011,smooth_fraction
2106,0.02528992400988006,-0.2536717839742317,0.025933904302942984,2048.0,0.22181495108068006,0.020181376588654647,smooth_fraction
2109,0.020860603308361137,-0.6387687334479201,0.02291076917708989,2048.0,0.24326215810625407,0.017337446023196756,smooth_fraction
2126,0.02897352761261538,-0.6949972308826594,0.013428486425773926,2048.0,0.16773856860598835,0.011176011334169664,smooth_fraction
2127,0.014792662982689456,-0.8095367666560704,0.009063665938538442,2048.0,0.036486152501524094,0.008732967640882059,smooth_fraction
2129,0.018387668585363996,-0.7079202984388565,0.03386310447349096,2048.0,0.31394771346926,0.023231860253067803,smooth_fraction
2132,0.03866683146177341,-0.39208979170314456,0.04207219447358288,2048.0,0.283974548678693,0.03012476203602498,smooth_fraction
2134,0.03887013891806573,-0.17121017382822193,0.05450173275054028,2048.0,0.23492884058521712,0.04169770386557049,smooth_fraction
2138,0.03094995442221753,0.10507223796860096,0.020559344094156773,2048.0,0.31341719141692137,0.014115692210792088,smooth_fraction
2141,0.01397810427973376,-0.8768962857006871,0.014807600793357117,2048.0,0.11169722457926956,0.013153632882061337,smooth_fraction
2147,0.025709760370697148,-0.6601446802181751,0.025463775372079764,2048.0,0.2315969269018502,0.019566443248587074,smooth_fraction
2149,0.02931064109331206,-0.5764871439375998,0.03933037527242552,2048.0,0.3424638217484859,0.02586114464582853,smooth_fraction
2150,0.024980410852172657,-0.5089665554995204,0.026118117535884455,2048.0,0.3485841561101386,0.01701375557545276,smooth_fraction
2151,0.01723131659330091,-0.8033881200117063,0.011595931617402794,2048.0,0.08105902061882908,0.01065597675733321,smooth_fraction
2154,0.03739810726706276,-0.45594439014007315,0.045825379135189706,2048.0,0.2978440103198847,0.032176564439135635,smooth_fraction
2156,0.029993776837639034,-0.6569172794368605,0.03599515088369129,2048.0,0.2842922269351238,0.025762009280100903,smooth_fraction
2163,0.01764387628648262,-0.7445671083273593,0.025416587906977185,2048.0,0.26852371755967697,0.018591631234513344,smooth_fraction
2167,0.041656636575967174,-0.4689334166051729,0.012608471586207988,2048.0,0.13998053045210201,0.010843531045380338,smooth_fraction
2178,0.016879632629642084,-0.8010521680496012,0.01119188862350679,2048.0,0.13185895835201755,0.00971613784761939,smooth_fraction
2200,0.026202937068052205,-0.7027938420578665,0.03388074124242242,2048.0,0.28428901326551537,0.0242488187459099,smooth_fraction
2205,0.02048551109999493,-0.6556591754161067,0.017186375142944063,2048.0,0.24972067620634508,0.012894581920712151,smooth_fraction
2206,0.016618384398224776,-0.8572866773093074,0.006933341449748588,2048.0,-0.0618999097745947,0.007362514659924484,smooth_fraction
2209,0.040379273189353214,-0.18498085799757555,0.050684145907722106,2048.0,0.28264009112792976,0.03635877428962224,smooth_fraction
2215,0.013048371108703261,-0.7528305889268557,0.015303238041782826,2048.0,0.12028125349648178,0.013462545387562141,smooth_fraction
2220,0.042706279033471475,-0.24141366341695886,0.04873439382061663,2048.0,0.2998446757593657,0.0341216453071446,smooth_fraction
2242,0.0175183821753871,-0.6033573817479714,0.010466618190922865,2048.0,0.10245834163945566,0.009394225848507548,smooth_fraction
2246,0.021563610613704518,-0.6802537740711008,0.0312861035390269,2048.0,0.27403421693743857,0.02271264065468604,smooth_fraction
2249,0.03549223942843012,-0.21582589158329332,0.02030656258861703,2048.0,0.30630129005749496,0.01408663627109037,smooth_fraction
2250,0.01945123706846471,-0.7833504138590238,0.007294552328664658,2048.0,-0.04074779120395022,0.007591789223879374,smooth_fraction
2253,0.033068034451826864,-0.49064860836722546,0.04000332946617179,2048.0,0.3390384905024282,0.026440661028889603,smooth_fraction
2254,0.03873498688412119,-0.3094380385006255,0.03219883048651346,2048.0,0.3346979849723638,0.02142194680421069,smooth_fraction
2276,0.018014091688839308,-0.8239134064066863,0.024971735076134188,2048.0,0.2082246030031747,0.019772005453605693,smooth_fraction
2280,0.021612506446386216,-0.7060908278557427,0.027278585792315412,2048.0,0.23098414901822162,0.020977664866656885,smooth_fraction
2281,0.030997227617038194,-0.43197336979085893,0.056776268511106176,2048.0,0.347882102711186,0.03702482083736766,smooth_fraction
2288,0.028707431174105624,-0.5166652800877134,0.009784485748349378,2048.0,0.054686870458847125,0.00924940284372296,smooth_fraction
2289,0.017891808150927065,-0.7484921380266826,0.007862422769927813,2048.0,0.02024549320999769,0.007703244143125109,smooth_fraction
2296,0.036307984485775005,-0.41732296723826606,0.040424396463443736,2048.0,0.14887545889418763,0.034406195889427976,smooth_fraction
2299,0.023917024209900186,-0.601821185453913,0.03928837552066283,2048.0,0.27141322069043183,0.028624990984904612,smooth_fraction
2317,0.031650303858025544,-0.26772294573398825,0.04513761046804349,2048.0,0.16454861322524994,0.03771027926122541,smooth_fraction
2320,0.024786090141512403,-0.6608318771303567,0.014524858121494864,2048.0,0.20056532700144658,0.01161167520270763,smooth_fraction
2323,0.051709010186629725,-0.37033202481100647,0.036850616213619805,2048.0,0.16729313049267502,0.03068576126665922,smooth_fraction
2324,0.020498776481449883,-0.7635445314070859,0.01531944038246063,2048.0,0.22591643616252755,0.011858527007250815,smooth_fraction
2328,0.03659063035360516,-0.34763973214561555,0.05836903366570487,2048.0,0.2807068211776915,0.0419844477701912,smooth_fraction
2333,0.011241347905826458,-0.8342280148996306,0.009923906251749525,2048.0,0.023012216422582332,0.009695535173326848,smooth_fraction
2334,0.024399055125916797,-0.7069357359877444,0.023565577089701292,2048.0,0.2985128758929868,0.016530948900576676,smooth_fraction
2336,0.029421190929856584,-0.5183078618469386,0.04258483448893033,2048.0,0.2162174928611068,0.03337724834182862,smooth_fraction
2337,0.02761964635344647,-0.71971707837093,0.02535165950689504,2048.0,0.22486270923009055,0.019651016666695838,smooth_fraction
2342,0.02701217315455328,-0.6731254612422329,0.02809113497836641,2048.0,0.25123552174945163,0.021033644025542253,smooth_fraction
2345,0.05784353701550173,-0.3116486303243063,0.04542385964646804,2048.0,0.20721516930714323,0.036011346879241256,smooth_fraction
2349,0.01793398780148411,-0.7711197280073336,0.03176709118073239,2048.0,0.27333355376505997,0.023084079255524113,smooth_fraction
2350,0.02293957607594638,-0.7261066704760076,0.006522658543816705,2048.0,-0.07639801192938478,0.007020976689058518,smooth_fraction
2352,0.029868430647429313,-0.5861437733779106,0.051256905325590775,2048.0,0.3189289528661787,0.03490959418293925,smooth_fraction
2355,0.01902295658158853,-0.7637036563328958,0.03989089337437172,2048.0,0.2966452457475893,0.028057449506240336,smooth_fraction
2361,0.01750772126999022,-0.7875281147603114,0.02539422873996136,2048.0,0.2865427117781194,0.018117697573298976,smooth_fraction
2364,0.03918017877312464,-0.3784449496839485,0.04283324346946785,2048.0,0.14935040505067543,0.03643608120766863,smooth_fraction
2367,0.03335281099399621,-0.4188495142361785,0.04393961939506187,2048.0,0.22376065711850157,0.03410766128568597,smooth_fraction
2368,0.031860645418997045,-0.520199194706018,0.052414093546821895,2048.0,0.3550958080353378,0.03380206864637339,smooth_fraction
2375,0.023035844390025755,-0.33939485400632163,0.04108255326871446,2048.0,0.270625079415008,0.029964584027797312,smooth_fraction
2380,0.03721180576771708,-0.42006263391911547,0.03704939900728808,2048.0,0.23462238232232624,0.02835678074858772,smooth_fraction
2393,0.014595428720686518,-0.8489020742942642,0.009466068983544598,2048.0,-0.02899928401087859,0.009740578206464977,smooth_fraction
2397,0.02586668097782131,-0.6027477603436255,0.02553488122162494,2048.0,0.23594623982412533,0.019510022013026866,smooth_fraction
2416,0.04759593513613847,-0.2703566287452931,0.02706690622418954,2048.0,0.2917055087954151,0.01917134057254454,smooth_fraction
2425,0.03386611109633285,-0.3313517992242382,0.010790895101729802,2048.0,0.08240462482868682,0.009901675439306043,smooth_fraction
2426,0.03770989631653657,-0.5725300300381945,0.03228003772108151,2048.0,0.28062405510224053,0.02322148263693833,smooth_fraction
2432,0.02072133978121508,-0.5314374372364737,0.06498487214770157,2048.0,0.34062449411140416,0.04284943294749645,smooth_fraction
2436,0.020595271841006048,-0.6812629367431291,0.029671805561352536,2048.0,0.2277522367450232,0.022913985476491077,smooth_fraction
2445,0.022878539724438356,-0.5924010982002803,0.022252843133597388,2048.0,0.2982371728951102,0.015616218108554939,smooth_fraction
2447,0.021327659390451205,-0.8851067807674307,0.010960694128810526,2048.0,0.022239413293983823,0.010716934722090968,smooth_fraction
2449,0.028066462921817636,-0.7119993974699255,0.024421163058947374,2048.0,0.23857125222156395,0.0185949756072673,smooth_fraction
2451,0.013075625259906257,-0.8905995947007489,0.008996279237406243,2048.0,-0.013662536516168222,0.009119191230996953,smooth_fraction
2463,0.026138674621298236,-0.7444830272950307,0.02394086199053727,2048.0,0.2542890094330066,0.01785296390999123,smooth_fraction
2467,0.031185164696319767,-0.5396100036519635,0.06094555066988642,2048.0,0.3172580754222971,0.04161008255880616,smooth_fraction
2471,0.022394434903217318,-0.6925200979357425,0.03927131311247137,2048.0,0.2708718644675122,0.028633819309608788,smooth_fraction
2485,0.015726084038158387,0.12592995364547419,0.05270847836324645,2048.0,0.2819985594975959,0.03784476339150075,smooth_fraction
2486,0.04022801493638944,-0.24756146520350317,0.04435402503127622,2048.0,0.33675237099176214,0.029417701938965986,smooth_fraction
2492,0.024298066966477593,-0.7637874501323956,0.011746077486876241,2048.0,0.10877717278255894,0.010468372386568978,smooth_fraction
2494,0.03344142846864255,-0.37919511267738315,0.04900996842271661,2048.0,0.196339812432483,0.039387360415278516,smooth_fraction
2513,0.027833797104714203,-0.4929486761862905,0.02885344755807342,2048.0,0.34770684219528136,0.01882090642120856,smooth_fraction
2516,0.0403579491271159,-0.24579055120224255,0.019142493335200392,2048.0,0.18691836106804305,0.015564409854228797,smooth_fraction
2518,0.03923686326842806,-0.36751392774576574,0.033174940744408174,2048.0,0.3290545518671436,0.0222585754845379,smooth_fraction
2524,0.019737666619410243,-0.6774610788558024,0.009429480650665168,2048.0,0.06266739694930334,0.008838559643704159,smooth_fraction
2526,0.023552208488945136,-0.1956638112612659,0.06135047836555016,2048.0,0.37726589630364626,0.03820503515631342,smooth_fraction
2530,0.020188913661851212,-0.7074342445676614,0.020738555353635366,2048.0,0.19813647411411806,0.016629491117645587,smooth_fraction
2533,0.030561772648665247,-0.38864389935302895,0.04425030436893687,2048.0,0.15518307728294511,0.0373834059662583,smooth_fraction
2535,0.02738240312058009,-0.5177979477288,0.02212618760728585,2048.0,0.2520159216567175,0.016550036044686266,smooth_fraction
2541,0.01601108235251883,-0.8591400476275278,0.011998210952975409,2048.0,0.0674222865861599,0.011189264135582699,smooth_fraction
2542,0.01405505952256968,-0.7726451756572649,0.017724766022638172,2048.0,0.1853933561454898,0.014438712162807737,smooth_fraction
2551,0.030190924245987256,-0.7247885808887209,0.02874952603455166,2048.0,0.2419628344682433,0.021793209225612988,smooth_fraction
2555,0.022974750042828295,-0.6826513598907793,0.018789027223150418,2048.0,0.24431880174512277,0.014198514606033816,smooth_fraction
2564,0.02289415299941583,-0.657057894758471,0.03095807258607173,2048.0,0.2590974793219468,0.02293691401435468,smooth_fraction
2565,0.021745943155691994,-0.40446824062467407,0.016640796908610433,2048.0,0.19732140207642412,0.013357211530934398,smooth_fraction
2583,0.028333959406810737,-0.49354878382932743,0.023220299043539165,2048.0,0.30328030615979007,0.016178039640492727,smooth_fraction
2599,0.04444630356611602,-0.39961942518732885,0.011865748423684024,2048.0,0.11789265261805681,0.010466863866717389,smooth_fraction
2611,0.02421199059479124,-0.4981185843141763,0.022135753356012658,2048.0,0.245318120105399,0.016705451955598857,smooth_fraction
2659,0.0157906400659849,-0.752101853475718,0.01951110053877092,2048.0,0.26052143776791015,0.014428040573976075,smooth_fraction
2668,0.03168313932866211,-0.7436265566278779,0.006692281866737099,2048.0,-0.047693935052806724,0.0070114631234443345,smooth_fraction
2679,0.034693276671629455,-0.4971666154315658,0.019827874903579363,2048.0,0.16103961260743416,0.016634801610278277,smooth_fraction
2681,0.038204603968009496,-0.47709717233698207,0.018712185933541473,2048.0,0.2462925087591078,0.014103514715602656,smooth_fraction
2688,0.019581662553941333,-0.6556298959543783,0.03541536254391846,2048.0,0.2594146397537883,0.026228099027838042,smooth_fraction
2694,0.03659671628544454,-0.36753131554111773,0.05842120036926985,2048.0,0.2930397933970771,0.04130146388304977,smooth_fraction
2749,0.034018479185849326,-0.5420365943675821,0.04944414354044725,2048.0,0.3371176795934727,0.032775648600605084,smooth_fraction
2756,0.012005001555738465,-0.8148774834755449,0.013866620123162275,2048.0,0.1437647723647444,0.011873088637687467,smooth_fraction
2759,0.01766539574592452,-0.6887966970954286,0.03019183187746581,2048.0,0.22664302413408866,0.02334906379660898,smooth_fraction
2770,0.018048489589209262,-0.6659882002460501,0.008423081816236598,2048.0,-0.04526688711422033,0.008804368509966022,smooth_fraction
2806,0.014945198409139174,-0.8160275062568559,0.012997274736246331,2048.0,0.16389245493994253,0.010867119472194025,smooth_fraction
2814,0.03750097826758709,-0.3650019884005769,0.04972080332288669,2048.0,0.3071941257146561,0.034446864616282144,smooth_fraction
2866,0.012840791684307917,-0.8836677121399513,0.01744830855834325,2048.0,0.16138529704530447,0.014632408098716895,smooth_fraction
2887,0.023289421780703354,-0.5791066817634756,0.045944470144488395,2048.0,0.3158268178036837,0.03143397434307827,smooth_fraction
